rating,month,conditional_pd,hazard,marginal_pd,cumulative_pd,survival_probability
R1,1,7.683683487440352e-06,7.683683487440352e-06,7.683683487440352e-06,7.683683487440352e-06,0.9999923163165125
R1,2,1.0236419722718714e-05,1.0236419722718714e-05,1.0236341069309519e-05,1.792002455674987e-05,0.9999820799754432
R1,3,0.0010880215294839775,0.0010880215294839775,0.0010880020321114509,0.0011059220566682008,0.9988940779433317
R1,4,0.0008019925682481884,0.0008019925682481884,0.0008011056269776786,0.0019070276836458794,0.9980929723163541
R1,5,0.00043437184514159534,0.00043437184514159534,0.000433543486007914,0.0023405711696537932,0.9976594288303462
R1,6,0.001153798309704288,0.001153798309704288,0.0011510977626449988,0.003491668932298792,0.9965083310677012
R1,7,0.0008392741918969179,0.0008392741918969179,0.0008363437242753913,0.004328012656574183,0.9956719873434258
R1,8,0.000464489514717456,0.000464489514717456,0.0004624791982189128,0.004790491854793096,0.9952095081452068
R1,9,0.001147361189035055,0.001147361189035055,0.0011418647646044768,0.005932356619397573,0.9940676433806024
R1,10,0.0008425120850432269,0.0008425120850432269,0.0008375140028985983,0.006769870622296171,0.9932301293777038
R1,11,0.0004702907995918931,0.0004702907995918931,0.0004671069917237997,0.007236977614019971,0.99276302238598
R1,12,0.0011380091468812898,0.0011380091468812898,0.00112977340016076,0.00836675101418073,0.9916332489858193
R1,13,0.000855091478677222,0.000855091478677222,0.000847937141180782,0.009214688155361512,0.9907853118446385
R1,14,0.0004864772737358511,0.0004864772737358511,0.0004819945373637048,0.009696682692725217,0.9903033173072747
R1,15,0.0011456751097254632,0.0011456751097254632,0.0011345658617175022,0.010831248554442719,0.9891687514455573
R1,16,0.0008546117177946147,0.0008546117177946147,0.000845355205861642,0.011676603760304362,0.9883233962396957
R1,17,0.0004893361558916092,0.0004893361558916092,0.0004836223714936724,0.012160226131798034,0.987839773868202
R1,18,0.0011503442124807316,0.0011503442124807316,0.0011363557667275607,0.013296581898525594,0.9867034181014744
R1,19,0.0008497057753083202,0.0008497057753083202,0.000838407592877283,0.014134989491402877,0.9858650105085972
R1,20,0.0004967077658447086,0.0004967077658447086,0.0004896868067941955,0.014624676298197073,0.985375323701803
R1,21,0.0011293509654166786,0.0011293509654166786,0.0011128345731204034,0.015737510871317476,0.9842624891286826
R1,22,0.0008540895011203104,0.0008540895011203104,0.0008406482583113515,0.016578159129628827,0.9834218408703713
R1,23,0.0005004635855127269,0.0005004635855127269,0.0004921668205535123,0.01707032595018234,0.9829296740498178
R1,24,0.0011547880199105603,0.0011547880199105603,0.0011350754120073216,0.018205401362189663,0.9817945986378105
R1,25,0.0008492674772242622,0.0008492674772242622,0.0008338062219375404,0.019039207584127204,0.980960792415873
R1,26,0.0005161470592651531,0.0005161470592651531,0.0005063200282598672,0.01954552761238707,0.9804544723876131
R1,27,0.0011680865120556835,0.0011680865120556835,0.0011452556448806423,0.020690783257267715,0.9793092167427324
R1,28,0.0008451629838008732,0.0008451629838008732,0.0008276758996859839,0.0215184591569537,0.9784815408430464
R1,29,0.0005333429094632218,0.0005333429094632218,0.0005218661918492866,0.022040325348802986,0.9779596746511972
R1,30,0.0011829898530342465,0.0011829898530342465,0.0011569163717890392,0.023197241720592024,0.9768027582794081
R1,31,0.0008486447558488482,0.0008486447558488482,0.0008289585383125098,0.024026200258904534,0.9759737997410955
R1,32,0.0005262143638187791,0.0005262143638187791,0.0005135714321345572,0.024539771691039092,0.975460228308961
R1,33,0.0011914313420259867,0.0011914313420259867,0.0011621938889071208,0.025701965579946213,0.9742980344200538
R1,34,0.0008555344802938699,0.0008555344802938699,0.0008335455625288998,0.026535511142475113,0.9734644888575249
R1,35,0.0005303432055730982,0.0005303432055730982,0.0005162702775322773,0.02705178142000739,0.9729482185799926
R1,36,0.0011817946003218885,0.0011817946003218885,0.0011498249511106358,0.028201606371118026,0.971798393628882
R1,37,0.0008460010299109195,0.0008460010299109195,0.0008221424418758113,0.029023748812993837,0.9709762511870061
R1,38,0.0005395230922226931,0.0005395230922226931,0.000523864109515212,0.02954761292250905,0.9704523870774909
R1,39,0.0011438275139776968,0.0011438275139776968,0.001110030141344568,0.03065764306385362,0.9693423569361463
R1,40,0.0008242625782171442,0.0008242625782171442,0.0007989926303032712,0.03145663569415689,0.9685433643058431
R1,41,0.0005335517300574806,0.0005335517300574806,0.0005167679876610752,0.03197340368181796,0.968026596318182
R1,42,0.001074796083304423,0.001074796083304423,0.001040431194257294,0.03301383487607525,0.9669861651239247
R1,43,0.0007876330884271878,0.0007876330884271878,0.0007616302997029194,0.033775465175778174,0.9662245348242218
R1,44,0.000501065058665407,0.000501065058665407,0.0004841413532256543,0.03425960652900383,0.9657403934709962
R1,45,0.0009818238293407976,0.0009818238293407976,0.0009481869312667821,0.035207793460270614,0.9647922065397294
R1,46,0.0007014138161242934,0.0007014138161242934,0.0006767185833560091,0.035884512043626624,0.9641154879563734
R1,47,0.000460826474307895,0.000460826474307895,0.00044428994114057135,0.03632880198476719,0.9636711980152328
R1,48,0.0009051107255929882,0.0009051107255929882,0.0008722291372686317,0.03720103112203582,0.9627989688779642
R1,49,0.0006715966067185281,0.0006715966067185281,0.0006466125204505385,0.03784764364248636,0.9621523563575137
R1,50,0.0004461350377277866,0.0004461350377277866,0.00042924987780343816,0.038276893520289804,0.9617231064797103
R1,51,0.0008257418589429298,0.0008257418589429298,0.0007941350257329251,0.03907102854602273,0.9609289714539774
R1,52,0.0006076831324326151,0.0006076831324326151,0.0005839403274184039,0.03965496887344113,0.960345031126559
R1,53,0.0004562679961996291,0.0004562679961996291,0.0004381747030123855,0.040093143576453515,0.9599068564235466
R1,54,0.0007933080046266227,0.0007933080046266227,0.0007615017928967778,0.040854645369350295,0.9591453546306498
R1,55,0.0005657627381121326,0.0005657627381121326,0.0005426487020833689,0.041397294071433666,0.9586027059285664
R1,56,0.00042912613924224886,0.00042912613924224886,0.00041136147826229853,0.04180865554969596,0.9581913444503042
R1,57,0.0007285994240334723,0.0007285994240334723,0.0006981376616803501,0.04250679321137631,0.9574932067886238
R1,58,0.0005440829942750267,0.0005440829942750267,0.0005209557709475517,0.043027748982323866,0.9569722510176762
R1,59,0.00039228770241464517,0.00039228770241464517,0.0003754084456262953,0.04340315742795016,0.9565968425720499
R1,60,0.0007177620876568178,0.0007177620876568178,0.0006866089467704348,0.0440897663747206,0.9559102336252795
R1,61,0.0005002845628614737,0.0005002845628614737,0.0004782271333640322,0.04456799350808463,0.9554320064919155
R1,62,0.0003696475234158335,0.0003696475234158335,0.0003531730749919571,0.044921166583076585,0.9550788334169236
R1,63,0.0006854844639137463,0.0006854844639137463,0.000654691702120166,0.04557585828519675,0.9544241417148034
R1,64,0.0004893252271836783,0.0004893252271836783,0.0004670238099741834,0.046042882095170934,0.9539571179048292
R1,65,0.0003388723977415459,0.0003388723977415459,0.00032326973588702406,0.04636615183105796,0.9536338481689421
R1,66,0.0006259205400268357,0.0006259205400268357,0.0005968990132337737,0.04696305084429173,0.9530369491557084
R1,67,0.00046104305923888497,0.00046104305923888497,0.00043939107060644145,0.047402441914898175,0.9525975580851019
R1,68,0.0003611998418492647,0.0003611998418492647,0.0003440780873263346,0.047746520002224506,0.9522534799977757
R1,69,0.000605679245770405,0.000605679245770405,0.0005767601695472962,0.0483232801717718,0.9516767198282283
R1,70,0.00043890808697716354,0.00043890808697716354,0.00041769860852050974,0.048740978780292314,0.9512590212197078
R1,71,0.0003442644393719144,0.0003442644393719144,0.0003274846536376787,0.049068463433929996,0.9509315365660702
R1,72,0.0005806388530962054,0.0005806388530962054,0.0005521477967647354,0.04962061123069473,0.9503793887693055
R1,73,0.00039424509921748014,0.00039424509921748014,0.000374682416419603,0.04999529364711433,0.9500047063528859
R1,74,0.0003661715927240487,0.0003661715927240487,0.0003478647364205784,0.05034315838353491,0.9496568416164654
R1,75,0.0005175250542835523,0.0005175250542835523,0.000491471208508308,0.05083462959204322,0.949165370407957
R1,76,0.00037061999007045843,0.00037061999007045843,0.00035177966015582,0.05118640925219904,0.9488135907478011
R1,77,0.00038267859929158967,0.00038267859929158967,0.00036309065589619217,0.051549499908095237,0.9484505000919049
R1,78,0.00047764084206869894,0.00047764084206869894,0.00045301869552437607,0.05200251860361961,0.9479974813963805
R1,79,0.00036142653584972633,0.00036142653584972633,0.0003426314456953592,0.05234515004931497,0.9476548499506852
R1,80,0.0003407559917680314,0.0003407559917680314,0.0003229190682487307,0.0526680691175637,0.9473319308824364
R1,81,0.00042168127386583965,0.00042168127386583965,0.00039947213538829134,0.05306754125295199,0.9469324587470481
R1,82,0.00034531021867147767,0.00034531021867147767,0.0003269854543970632,0.05339452670734905,0.9466054732926511
R1,83,0.0002922397376807771,0.0002922397376807771,0.0002766357352022322,0.05367116244255128,0.9463288375574489
R1,84,0.00037351746220008877,0.00037351746220008877,0.00035347034581121835,0.0540246327883625,0.9459753672116377
R1,85,0.0003302150052750522,0.0003302150052750522,0.00031237526087386037,0.054337008049236364,0.9456629919507638
R1,86,0.0002796803431496626,0.0002796803431496626,0.0002644833500927262,0.05460149139932909,0.945398508600671
R1,87,0.00036092028956224905,0.00036092028956224905,0.0003412135034758726,0.054942704902804965,0.9450572950971952
R1,88,0.00030534700802058206,0.00030534700802058206,0.00028857041746595285,0.05523127532027092,0.9447687246797292
R1,89,0.00029679450699871576,0.00029679450699871576,0.0002804021678691256,0.055511677488140045,0.94448832251186
R1,90,0.0003261332190640859,0.0003261332190640859,0.00030802901698923145,0.055819706505129275,0.9441802934948708
R1,91,0.00029619518930100805,0.00029619518930100805,0.0002796616607659946,0.05609936816589527,0.9439006318341048
R1,92,0.00034409159228931897,0.00034409159228931897,0.00032478827137069133,0.05642415643726596,0.943575843562734
R1,93,0.000304034583316655,0.000304034583316655,0.0002868796884252571,0.05671103612569122,0.9432889638743088
R1,94,0.0002788452978328148,0.0002788452978328148,0.0002630316920739389,0.05697406781776516,0.9430259321822348
R1,95,0.0003167999047713973,0.0003167999047713973,0.0002987505255122901,0.057272818343277444,0.9427271816567225
R1,96,0.0003034367932032611,0.0003034367932032611,0.0002860581128674641,0.05755887645614491,0.9424411235438551
R1,97,0.00022905125176234296,0.00022905125176234296,0.00021586731906002892,0.05777474377520494,0.9422252562247951
R1,98,0.00019174584460474408,0.00019174584460474408,0.00018066777756274474,0.057955411552767684,0.9420445884472324
R1,99,0.0002964757908307323,0.0002964757908307323,0.00027929341435770495,0.05823470496712539,0.9417652950328746
R1,100,0.0002494460361969272,0.0002494460361969272,0.00023491961987378025,0.05846962458699917,0.9415303754130009
R1,101,0.00022879768198846048,0.00022879768198846048,0.0002154199674162196,0.05868504455441539,0.9413149554455846
R1,102,0.00032946564156377604,0.00032946564156377604,0.0003101309357094568,0.05899517549012485,0.9410048245098752
R1,103,0.00018687876408166523,0.00018687876408166523,0.00017585381859928977,0.059171029308724137,0.9408289706912759
R1,104,0.0002770098779638209,0.0002770098779638209,0.00026061891835601754,0.05943164822708016,0.9405683517729199
R1,105,0.0002513991226570936,0.0002513991226570936,0.00023645805843474065,0.059668106285514895,0.9403318937144851
R1,106,0.00012368344989384635,0.00012368344989384635,0.00011630349265982117,0.059784409778174716,0.9402155902218253
R1,107,0.0003048887190442826,0.0003048887190442826,0.0002866611269281965,0.060071070905102913,0.9399289290948971
R1,108,0.00023665114096112493,0.00023665114096112493,0.00022243525349267568,0.06029350615859559,0.9397064938414045
R1,109,0.00011045436763877,0.00011045436763877,0.00010379468654329804,0.06039730084513889,0.9396026991548612
R1,110,0.0002019252480158505,0.0002019252480158505,0.0001897295080632079,0.0605870303532021,0.939412969646798
R1,111,0.000296051822451097,0.000296051822451097,0.0002781149216981316,0.06086514527490023,0.9391348547250998
R1,112,0.00014054233484267405,0.00014054233484267405,0.00013198820521520104,0.06099713348011543,0.9390028665198846
R1,113,0.00020007918312478566,0.00020007918312478566,0.00018787492648513065,0.06118500840660056,0.9388149915933995
R1,114,0.0002611194625810027,0.0002611194625810027,0.0002451428660678571,0.06143015127266842,0.9385698487273317
R1,115,0.00018006972757105433,0.00018006972757105433,0.00016900801696673632,0.06159915928963516,0.938400840710365
R1,116,0.0002567519534189599,0.0002567519534189599,0.00024093624894238043,0.061840095538577534,0.9381599044614226
R1,117,0.0002607425681852963,0.0002607425681852963,0.00024461822285774354,0.062084713761435276,0.9379152862385649
R1,118,0.0001388136904022467,0.0001388136904022467,0.00013019548216745475,0.06221490924360273,0.9377850907563975
R1,119,0.00014145863686836524,0.00014145863686836524,0.00013265780061387617,0.0623475670442166,0.9376524329557836
R1,120,0.0002394944045608624,0.0002394944045608624,0.00022456251111578935,0.0625721295553324,0.9374278704446678
R1,121,0.0001790069405218615,0.0001790069405218615,0.00016780609504822396,0.06273993565038062,0.9372600643496196
R1,122,0.00018245949731666793,0.00018245949731666793,0.00017101200019621943,0.06291094765057684,0.9370890523494234
R1,123,0.00018519030482490507,0.00018519030482490507,0.00017353980725267116,0.0630844874578295,0.9369155125421708
R1,124,0.00023257248782866208,0.00023257248782866208,0.0002179007716371987,0.06330238822946671,0.9366976117705336
R1,125,0.00023724170971004335,0.00023724170971004335,0.0002222237428977558,0.06352461197236446,0.9364753880276359
R1,126,8.033059090810044e-05,8.033059090810044e-05,7.522762129115264e-05,0.06359983959365562,0.9364001604063447
R1,127,0.000306039466912454,0.000306039466912454,0.0002865754059074941,0.06388641499956312,0.9361135850004372
R1,128,0.0003121943880863035,0.0003121943880863035,0.00029224940784848736,0.0641786644074116,0.9358213355925887
R1,129,0.00010577632445258235,0.00010577632445258235,9.898774122329062e-05,0.06427765214863489,0.9357223478513654
R1,130,0.0004083575763812118,0.0004083575763812118,0.0003821093101343208,0.06465976145876921,0.9353402385412312
R1,131,0.0004170343645470844,0.0004170343645470844,0.00039006902201536067,0.06504983048078457,0.9349501695192158
R1,132,0.00014148207851835586,0.00014148207851835586,0.00013227869329466782,0.06518210917407924,0.9348178908259211
R1,133,0.0005745448202012237,0.0005745448202012237,0.000537094777005466,0.0657192039510847,0.9342807960489157
R1,134,0.00019559532710630435,0.00019559532710630435,0.0001827409579123261,0.06590194490899702,0.9340980550910033
R1,135,0.00019946816256504143,0.00019946816256504143,0.00018632282270458127,0.06608826773170161,0.9339117322682987
R1,136,0.0002900292493652716,0.0002900292493652716,0.0002708617186831952,0.0663591294503848,0.9336408705496155
R1,137,0.00029714560265170747,0.00029714560265170747,0.00027742727913973033,0.06663655672952454,0.9333634432704758
R1,138,0.00030388809497028596,0.00030388809497028596,0.00028363803869037145,0.06692019476821491,0.9330798052317855
R1,139,0.0014361204420841355,0.0014361204420841355,0.0013400149823892507,0.06826020975060416,0.9317397902493962
R1,140,0.0004908860732034029,0.0004908860732034029,0.0004573780868828884,0.06871758783748705,0.9312824121625134
R1,141,0.0005021459213756909,0.0005021459213756909,0.00046763966491632117,0.06918522750240337,0.930814772497597
R1,142,0.0008669952808520116,0.0008669952808520116,0.0008070120151027555,0.06999223951750613,0.9300077604824942
R1,143,0.0008893475029364776,0.0008893475029364776,0.000827100079496652,0.07081933959700279,0.9291806604029976
R1,144,0.0009106918430069531,0.0009106918430069531,0.0008461972481088238,0.07166553684511161,0.9283344631548888
R1,145,0.0017731538999356561,0.0017731538999356561,0.0016460798737877647,0.07331161671889937,0.926688383281101
R1,146,0.0018331156260204368,0.0018331156260204368,0.001698726955844202,0.07501034367474357,0.9249896563252569
R1,147,0.0018815947169565144,0.0018815947169565144,0.0017404556505810254,0.0767507993253246,0.9232492006746759
R1,148,0.00494941219025518,0.00494941219025518,0.004569540848462591,0.08132034017378718,0.9186796598262132
R1,149,0.005104774904747494,0.005104774904747494,0.004689652872982818,0.08600999304677,0.9139900069532304
R1,150,0.005245920754648347,0.005245920754648347,0.004794719147017138,0.09080471219378713,0.9091952878062133
R1,151,0.018661718094404776,0.018661718094404776,0.01696714615380077,0.1077718583475879,0.8922281416524125
R1,152,0.018972746729311523,0.018972746729311523,0.01692801855633551,0.12469987690392341,0.875300123096077
R1,153,0.018972746729311523,0.018972746729311523,0.01660684754763707,0.14130672445156048,0.8586932755484399
R1,154,0.037945493458623046,0.037945493458623046,0.03258354007028692,0.17389026452184742,0.8261097354781529
R1,155,0.037945493458623046,0.037945493458623046,0.03134714156369107,0.20523740608553848,0.7947625939144618
R1,156,0.037945493458623046,0.037945493458623046,0.030157658808539496,0.23539506489407797,0.7646049351059223
R1,157,0.0948637336465576,0.0948637336465576,0.07253327890873168,0.30792834380280965,0.6920716561971907
R1,158,0.0948637336465576,0.0948637336465576,0.06565250125782228,0.37358084506063194,0.6264191549393684
R1,159,0.0948637336465576,0.0948637336465576,0.059424459865269945,0.4330053049259019,0.5669946950740985
R1,160,0.1897274672931152,0.1897274672931152,0.10757446746504086,0.5405797723909428,0.45942022760905765
R1,161,0.1897274672931152,0.1897274672931152,0.08716463620749303,0.6277444085984358,0.3722555914015646
R1,162,0.1897274672931152,0.1897274672931152,0.07062711054231961,0.6983715191407555,0.301628480859245
R1,163,0.3794549345862304,0.3794549345862304,0.11445441547378886,0.8128259346145443,0.1871740653854561
R1,164,0.3794549345862304,0.3794549345862304,0.07102412273707706,0.8838500573516214,0.11614994264837905
R1,165,0.3794549345862304,0.3794549345862304,0.04407366888983509,0.9279237262414565,0.07207627375854396
R1,166,0.5691824018793457,0.5691824018793457,0.04102454661640131,0.9689482728578578,0.031051727142142653
R1,167,0.5691824018793457,0.5691824018793457,0.017674096637266826,0.9866223694951246,0.013377630504875827
R1,168,0.5691824018793457,0.5691824018793457,0.007614311862219627,0.9942366813573442,0.0057633186426562
R1,169,0.0,0.0,0.0,0.9942366813573442,0.0057633186426562
R1,170,0.0,0.0,0.0,0.9942366813573442,0.0057633186426562
R1,171,0.0,0.0,0.0,0.9942366813573442,0.0057633186426562
R1,172,0.0,0.0,0.0,0.9942366813573442,0.0057633186426562
R1,173,0.0,0.0,0.0,0.9942366813573442,0.0057633186426562
R1,174,0.0,0.0,0.0,0.9942366813573442,0.0057633186426562
R1,175,0.0,0.0,0.0,0.9942366813573442,0.0057633186426562
R1,176,0.0,0.0,0.0,0.9942366813573442,0.0057633186426562
R1,177,0.0,0.0,0.0,0.9942366813573442,0.0057633186426562
R1,178,0.0,0.0,0.0,0.9942366813573442,0.0057633186426562
R1,179,0.0,0.0,0.0,0.9942366813573442,0.0057633186426562
R1,180,0.0,0.0,0.0,0.9942366813573442,0.0057633186426562
R1,181,0.0,0.0,0.0,0.9942366813573442,0.0057633186426562
R1,182,0.0,0.0,0.0,0.9942366813573442,0.0057633186426562
R1,183,0.0,0.0,0.0,0.9942366813573442,0.0057633186426562
R1,184,0.0,0.0,0.0,0.9942366813573442,0.0057633186426562
R1,185,0.0,0.0,0.0,0.9942366813573442,0.0057633186426562
R1,186,0.0,0.0,0.0,0.9942366813573442,0.0057633186426562
R1,187,0.0,0.0,0.0,0.9942366813573442,0.0057633186426562
R1,188,0.0,0.0,0.0,0.9942366813573442,0.0057633186426562
R1,189,0.0,0.0,0.0,0.9942366813573442,0.0057633186426562
R1,190,0.0,0.0,0.0,0.9942366813573442,0.0057633186426562
R1,191,0.0,0.0,0.0,0.9942366813573442,0.0057633186426562
R1,192,0.0,0.0,0.0,0.9942366813573442,0.0057633186426562
R1,193,0.0,0.0,0.0,0.9942366813573442,0.0057633186426562
R1,194,0.0,0.0,0.0,0.9942366813573442,0.0057633186426562
R1,195,0.0,0.0,0.0,0.9942366813573442,0.0057633186426562
R1,196,0.0,0.0,0.0,0.9942366813573442,0.0057633186426562
R1,197,0.0,0.0,0.0,0.9942366813573442,0.0057633186426562
R1,198,0.0,0.0,0.0,0.9942366813573442,0.0057633186426562
R1,199,0.0,0.0,0.0,0.9942366813573442,0.0057633186426562
R1,200,0.0,0.0,0.0,0.9942366813573442,0.0057633186426562
R1,201,0.0,0.0,0.0,0.9942366813573442,0.0057633186426562
R1,202,0.0,0.0,0.0,0.9942366813573442,0.0057633186426562
R1,203,0.0,0.0,0.0,0.9942366813573442,0.0057633186426562
R1,204,0.0,0.0,0.0,0.9942366813573442,0.0057633186426562
R1,205,0.0,0.0,0.0,0.9942366813573442,0.0057633186426562
R1,206,0.0,0.0,0.0,0.9942366813573442,0.0057633186426562
R1,207,0.0,0.0,0.0,0.9942366813573442,0.0057633186426562
R1,208,0.0,0.0,0.0,0.9942366813573442,0.0057633186426562
R1,209,0.0,0.0,0.0,0.9942366813573442,0.0057633186426562
R1,210,0.0,0.0,0.0,0.9942366813573442,0.0057633186426562
R1,211,0.0,0.0,0.0,0.9942366813573442,0.0057633186426562
R1,212,0.0,0.0,0.0,0.9942366813573442,0.0057633186426562
R1,213,0.0,0.0,0.0,0.9942366813573442,0.0057633186426562
R1,214,0.0,0.0,0.0,0.9942366813573442,0.0057633186426562
R1,215,0.0,0.0,0.0,0.9942366813573442,0.0057633186426562
R1,216,0.0,0.0,0.0,0.9942366813573442,0.0057633186426562
R1,217,0.0,0.0,0.0,0.9942366813573442,0.0057633186426562
R1,218,0.0,0.0,0.0,0.9942366813573442,0.0057633186426562
R1,219,0.0,0.0,0.0,0.9942366813573442,0.0057633186426562
R1,220,0.0,0.0,0.0,0.9942366813573442,0.0057633186426562
R1,221,0.0,0.0,0.0,0.9942366813573442,0.0057633186426562
R1,222,0.0,0.0,0.0,0.9942366813573442,0.0057633186426562
R1,223,0.0,0.0,0.0,0.9942366813573442,0.0057633186426562
R1,224,0.0,0.0,0.0,0.9942366813573442,0.0057633186426562
R1,225,0.0,0.0,0.0,0.9942366813573442,0.0057633186426562
R1,226,0.0,0.0,0.0,0.9942366813573442,0.0057633186426562
R1,227,0.0,0.0,0.0,0.9942366813573442,0.0057633186426562
R1,228,0.0,0.0,0.0,0.9942366813573442,0.0057633186426562
R1,229,0.0,0.0,0.0,0.9942366813573442,0.0057633186426562
R1,230,0.0,0.0,0.0,0.9942366813573442,0.0057633186426562
R1,231,0.0,0.0,0.0,0.9942366813573442,0.0057633186426562
R1,232,0.0,0.0,0.0,0.9942366813573442,0.0057633186426562
R1,233,0.0,0.0,0.0,0.9942366813573442,0.0057633186426562
R1,234,0.0,0.0,0.0,0.9942366813573442,0.0057633186426562
R1,235,0.0,0.0,0.0,0.9942366813573442,0.0057633186426562
R1,236,0.0,0.0,0.0,0.9942366813573442,0.0057633186426562
R1,237,0.0,0.0,0.0,0.9942366813573442,0.0057633186426562
R1,238,0.0,0.0,0.0,0.9942366813573442,0.0057633186426562
R1,239,0.0,0.0,0.0,0.9942366813573442,0.0057633186426562
R1,240,0.0,0.0,0.0,0.9942366813573442,0.0057633186426562
R1,241,0.0,0.0,0.0,0.9942366813573442,0.0057633186426562
R1,242,0.0,0.0,0.0,0.9942366813573442,0.0057633186426562
R1,243,0.0,0.0,0.0,0.9942366813573442,0.0057633186426562
R1,244,0.0,0.0,0.0,0.9942366813573442,0.0057633186426562
R1,245,0.0,0.0,0.0,0.9942366813573442,0.0057633186426562
R1,246,0.0,0.0,0.0,0.9942366813573442,0.0057633186426562
R1,247,0.0,0.0,0.0,0.9942366813573442,0.0057633186426562
R1,248,0.0,0.0,0.0,0.9942366813573442,0.0057633186426562
R1,249,0.0,0.0,0.0,0.9942366813573442,0.0057633186426562
R1,250,0.0,0.0,0.0,0.9942366813573442,0.0057633186426562
R1,251,0.0,0.0,0.0,0.9942366813573442,0.0057633186426562
R1,252,0.0,0.0,0.0,0.9942366813573442,0.0057633186426562
R1,253,0.0,0.0,0.0,0.9942366813573442,0.0057633186426562
R1,254,0.0,0.0,0.0,0.9942366813573442,0.0057633186426562
R1,255,0.0,0.0,0.0,0.9942366813573442,0.0057633186426562
R1,256,0.0,0.0,0.0,0.9942366813573442,0.0057633186426562
R1,257,0.0,0.0,0.0,0.9942366813573442,0.0057633186426562
R1,258,0.0,0.0,0.0,0.9942366813573442,0.0057633186426562
R1,259,0.0,0.0,0.0,0.9942366813573442,0.0057633186426562
R1,260,0.0,0.0,0.0,0.9942366813573442,0.0057633186426562
R1,261,0.0,0.0,0.0,0.9942366813573442,0.0057633186426562
R1,262,0.0,0.0,0.0,0.9942366813573442,0.0057633186426562
R1,263,0.0,0.0,0.0,0.9942366813573442,0.0057633186426562
R1,264,0.0,0.0,0.0,0.9942366813573442,0.0057633186426562
R1,265,0.0,0.0,0.0,0.9942366813573442,0.0057633186426562
R1,266,0.0,0.0,0.0,0.9942366813573442,0.0057633186426562
R1,267,0.0,0.0,0.0,0.9942366813573442,0.0057633186426562
R1,268,0.0,0.0,0.0,0.9942366813573442,0.0057633186426562
R1,269,0.0,0.0,0.0,0.9942366813573442,0.0057633186426562
R1,270,0.0,0.0,0.0,0.9942366813573442,0.0057633186426562
R1,271,0.0,0.0,0.0,0.9942366813573442,0.0057633186426562
R1,272,0.0,0.0,0.0,0.9942366813573442,0.0057633186426562
R1,273,0.0,0.0,0.0,0.9942366813573442,0.0057633186426562
R1,274,0.0,0.0,0.0,0.9942366813573442,0.0057633186426562
R1,275,0.0,0.0,0.0,0.9942366813573442,0.0057633186426562
R1,276,0.0,0.0,0.0,0.9942366813573442,0.0057633186426562
R1,277,0.0,0.0,0.0,0.9942366813573442,0.0057633186426562
R1,278,0.0,0.0,0.0,0.9942366813573442,0.0057633186426562
R1,279,0.0,0.0,0.0,0.9942366813573442,0.0057633186426562
R1,280,0.0,0.0,0.0,0.9942366813573442,0.0057633186426562
R1,281,0.0,0.0,0.0,0.9942366813573442,0.0057633186426562
R1,282,0.0,0.0,0.0,0.9942366813573442,0.0057633186426562
R1,283,0.0,0.0,0.0,0.9942366813573442,0.0057633186426562
R1,284,0.0,0.0,0.0,0.9942366813573442,0.0057633186426562
R1,285,0.0,0.0,0.0,0.9942366813573442,0.0057633186426562
R1,286,0.0,0.0,0.0,0.9942366813573442,0.0057633186426562
R1,287,0.0,0.0,0.0,0.9942366813573442,0.0057633186426562
R1,288,0.0,0.0,0.0,0.9942366813573442,0.0057633186426562
R1,289,0.0,0.0,0.0,0.9942366813573442,0.0057633186426562
R1,290,0.0,0.0,0.0,0.9942366813573442,0.0057633186426562
R1,291,0.0,0.0,0.0,0.9942366813573442,0.0057633186426562
R1,292,0.0,0.0,0.0,0.9942366813573442,0.0057633186426562
R1,293,0.0,0.0,0.0,0.9942366813573442,0.0057633186426562
R1,294,0.0,0.0,0.0,0.9942366813573442,0.0057633186426562
R1,295,0.0,0.0,0.0,0.9942366813573442,0.0057633186426562
R1,296,0.0,0.0,0.0,0.9942366813573442,0.0057633186426562
R1,297,0.0,0.0,0.0,0.9942366813573442,0.0057633186426562
R1,298,0.0,0.0,0.0,0.9942366813573442,0.0057633186426562
R1,299,0.0,0.0,0.0,0.9942366813573442,0.0057633186426562
R1,300,0.0,0.0,0.0,0.9942366813573442,0.0057633186426562
R1,301,0.0,0.0,0.0,0.9942366813573442,0.0057633186426562
R1,302,0.0,0.0,0.0,0.9942366813573442,0.0057633186426562
R1,303,0.0,0.0,0.0,0.9942366813573442,0.0057633186426562
R1,304,0.0,0.0,0.0,0.9942366813573442,0.0057633186426562
R1,305,0.0,0.0,0.0,0.9942366813573442,0.0057633186426562
R1,306,0.0,0.0,0.0,0.9942366813573442,0.0057633186426562
R1,307,0.0,0.0,0.0,0.9942366813573442,0.0057633186426562
R1,308,0.0,0.0,0.0,0.9942366813573442,0.0057633186426562
R1,309,0.0,0.0,0.0,0.9942366813573442,0.0057633186426562
R1,310,0.0,0.0,0.0,0.9942366813573442,0.0057633186426562
R1,311,0.0,0.0,0.0,0.9942366813573442,0.0057633186426562
R1,312,0.0,0.0,0.0,0.9942366813573442,0.0057633186426562
R1,313,0.0,0.0,0.0,0.9942366813573442,0.0057633186426562
R1,314,0.0,0.0,0.0,0.9942366813573442,0.0057633186426562
R1,315,0.0,0.0,0.0,0.9942366813573442,0.0057633186426562
R1,316,0.0,0.0,0.0,0.9942366813573442,0.0057633186426562
R1,317,0.0,0.0,0.0,0.9942366813573442,0.0057633186426562
R1,318,0.0,0.0,0.0,0.9942366813573442,0.0057633186426562
R1,319,0.0,0.0,0.0,0.9942366813573442,0.0057633186426562
R1,320,0.0,0.0,0.0,0.9942366813573442,0.0057633186426562
R1,321,0.0,0.0,0.0,0.9942366813573442,0.0057633186426562
R1,322,0.0,0.0,0.0,0.9942366813573442,0.0057633186426562
R1,323,0.0,0.0,0.0,0.9942366813573442,0.0057633186426562
R1,324,0.0,0.0,0.0,0.9942366813573442,0.0057633186426562
R1,325,0.0,0.0,0.0,0.9942366813573442,0.0057633186426562
R1,326,0.0,0.0,0.0,0.9942366813573442,0.0057633186426562
R1,327,0.0,0.0,0.0,0.9942366813573442,0.0057633186426562
R1,328,0.0,0.0,0.0,0.9942366813573442,0.0057633186426562
R1,329,0.0,0.0,0.0,0.9942366813573442,0.0057633186426562
R1,330,0.0,0.0,0.0,0.9942366813573442,0.0057633186426562
R1,331,0.0,0.0,0.0,0.9942366813573442,0.0057633186426562
R1,332,0.0,0.0,0.0,0.9942366813573442,0.0057633186426562
R1,333,0.0,0.0,0.0,0.9942366813573442,0.0057633186426562
R1,334,0.0,0.0,0.0,0.9942366813573442,0.0057633186426562
R1,335,0.0,0.0,0.0,0.9942366813573442,0.0057633186426562
R1,336,0.0,0.0,0.0,0.9942366813573442,0.0057633186426562
R1,337,0.0,0.0,0.0,0.9942366813573442,0.0057633186426562
R1,338,0.0,0.0,0.0,0.9942366813573442,0.0057633186426562
R1,339,0.0,0.0,0.0,0.9942366813573442,0.0057633186426562
R1,340,0.0,0.0,0.0,0.9942366813573442,0.0057633186426562
R1,341,0.0,0.0,0.0,0.9942366813573442,0.0057633186426562
R1,342,0.0,0.0,0.0,0.9942366813573442,0.0057633186426562
R1,343,0.0,0.0,0.0,0.9942366813573442,0.0057633186426562
R1,344,0.0,0.0,0.0,0.9942366813573442,0.0057633186426562
R1,345,0.0,0.0,0.0,0.9942366813573442,0.0057633186426562
R1,346,0.0,0.0,0.0,0.9942366813573442,0.0057633186426562
R1,347,0.0,0.0,0.0,0.9942366813573442,0.0057633186426562
R1,348,0.0,0.0,0.0,0.9942366813573442,0.0057633186426562
R1,349,0.0,0.0,0.0,0.9942366813573442,0.0057633186426562
R1,350,0.0,0.0,0.0,0.9942366813573442,0.0057633186426562
R1,351,0.0,0.0,0.0,0.9942366813573442,0.0057633186426562
R1,352,0.0,0.0,0.0,0.9942366813573442,0.0057633186426562
R1,353,0.0,0.0,0.0,0.9942366813573442,0.0057633186426562
R1,354,0.0,0.0,0.0,0.9942366813573442,0.0057633186426562
R1,355,0.0,0.0,0.0,0.9942366813573442,0.0057633186426562
R1,356,0.0,0.0,0.0,0.9942366813573442,0.0057633186426562
R1,357,0.0,0.0,0.0,0.9942366813573442,0.0057633186426562
R1,358,0.0,0.0,0.0,0.9942366813573442,0.0057633186426562
R1,359,0.0,0.0,0.0,0.9942366813573442,0.0057633186426562
R1,360,0.0,0.0,0.0,0.9942366813573442,0.0057633186426562
R2,1,7.021517085651675e-06,7.021517085651675e-06,7.021517085651675e-06,7.021517085651675e-06,0.9999929784829144
R2,2,1.7223377791110977e-05,1.7223377791110977e-05,1.7223256856869545e-05,2.424477394252122e-05,0.9999757552260575
R2,3,0.0013679529482420714,0.0013679529482420714,0.0013679197825320773,0.0013921645564745986,0.9986078354435255
R2,4,0.0009774578420926796,0.0009774578420926796,0.0009760970599294701,0.002368261616404069,0.997631738383596
R2,5,0.0007180910667045758,0.0007180910667045758,0.0007163904391942167,0.0030846520555982858,0.9969153479444017
R2,6,0.0014834645422034964,0.0014834645422034964,0.0014788885702539812,0.004563540625852267,0.9954364593741477
R2,7,0.001068464393597829,0.001068464393597829,0.0010635884129303686,0.005627129038782636,0.9943728709612173
R2,8,0.0008035458411934633,0.0008035458411934633,0.0007990241850564905,0.0064261532238391265,0.9935738467761608
R2,9,0.0015308040393504278,0.0015308040393504278,0.00152096685803789,0.007947120081877016,0.9920528799181229
R2,10,0.0011003582647318743,0.0011003582647318743,0.001091613585468964,0.00903873366734598,0.9909612663326539
R2,11,0.0008268234796465369,0.0008268234796465369,0.0008193500424241034,0.009858083709770085,0.9901419162902299
R2,12,0.0015432515535460094,0.0015432515535460094,0.00152803805054592,0.011386121760316005,0.9886138782396839
R2,13,0.0011686825052895052,0.0011686825052895052,0.0011553757439851278,0.012541497504301133,0.9874585024956988
R2,14,0.0008282274383464138,0.0008282274383464138,0.0008178402259953985,0.01335933773029653,0.9866406622697034
R2,15,0.0015199235992307768,0.0015199235992307768,0.001499618426544405,0.014858956156840936,0.9851410438431589
R2,16,0.001127450589353622,0.001127450589353622,0.001110697850477412,0.015969654007318347,0.9840303459926815
R2,17,0.0008160568060245996,0.0008160568060245996,0.0008030246611820693,0.016772678668500417,0.9832273213314994
R2,18,0.0014939737185254466,0.0014939737185254466,0.0014689157774054342,0.01824159444590585,0.9817584055540939
R2,19,0.0011418529525553866,0.0011418529525553866,0.0011210237340780107,0.01936261817998386,0.9806373818200159
R2,20,0.0008010099316926792,0.0008010099316926792,0.0007855002822269387,0.020148118462210797,0.979851881537789
R2,21,0.001478436549920257,0.001478436549920257,0.0014486488351736011,0.021596767297384398,0.9784032327026154
R2,22,0.0010919636027687922,0.0010919636027687922,0.0010683807189425809,0.022665148016326978,0.9773348519836729
R2,23,0.00078499769321918,0.00078499769321918,0.0007672056043098919,0.023432353620636868,0.976567646379363
R2,24,0.001437573574569864,0.001437573574569864,0.0014038878422148598,0.024836241462851728,0.9751637585371481
R2,25,0.0010823474851758765,0.0010823474851758765,0.001055466041687338,0.025891707504539067,0.9741082924954607
R2,26,0.0007854641700051091,0.0007854641700051091,0.0007651271614600411,0.026656834665999107,0.9733431653340007
R2,27,0.001417308013811849,0.001417308013811849,0.0013795270684168707,0.02803636173441598,0.9719636382655839
R2,28,0.001049656033083336,0.001049656033083336,0.0010202274968430993,0.02905658923125908,0.9709434107687408
R2,29,0.0007522200174715765,0.0007522200174715765,0.0007303630694123743,0.02978695230067145,0.9702130476993285
R2,30,0.0014600510200469198,0.0014600510200469198,0.0014165605499562354,0.031203512850627686,0.9687964871493723
R2,31,0.001072425349384933,0.001072425349384933,0.0010389619112140614,0.03224247476184175,0.9677575252381582
R2,32,0.0007425649983307264,0.0007425649983307264,0.0007186228651130209,0.03296109762695477,0.9670389023730451
R2,33,0.001470414613325535,0.001470414613325535,0.001421948133703611,0.03438304576065838,0.9656169542393415
R2,34,0.0010842338191005374,0.0010842338191005374,0.0010469545580831501,0.03543000031874153,0.9645699996812583
R2,35,0.0007434172675459065,0.0007434172675459065,0.0007170779935197969,0.03614707831226133,0.9638529216877385
R2,36,0.0014451522334080038,0.0014451522334080038,0.001392914202453865,0.037539992514715195,0.9624600074852846
R2,37,0.0010867221153377498,0.0010867221153377498,0.001045926575262395,0.03858591908997759,0.9614140809100222
R2,38,0.0007496999930984078,0.0007496999930984078,0.0007207721298229557,0.039306691219800544,0.9606933087801993
R2,39,0.0014199152724659256,0.0014199152724659256,0.0013641031012928283,0.04067079432109337,0.9593292056789064
R2,40,0.0010820601277549623,0.0010820601277549623,0.001038051882855984,0.04170884620394935,0.9582911537960505
R2,41,0.0007704360723971172,0.0007704360723971172,0.0007383020727435309,0.04244714827669288,0.957552851723307
R2,42,0.0013296469392277293,0.0013296469392277293,0.0012732072184426788,0.04372035549513556,0.9562796445048642
R2,43,0.001030312870245835,0.001030312870245835,0.0009852672252874735,0.044705622720423034,0.9552943772795768
R2,44,0.0007483023594495955,0.0007483023594495955,0.0007148490364872394,0.045420471756910274,0.9545795282430896
R2,45,0.0011660960421204486,0.0011660960421204486,0.0011131314097734717,0.04653360316668374,0.9534663968333161
R2,46,0.0009674653604588461,0.0009674653604588461,0.0009224457112977413,0.04745604887798149,0.9525439511220184
R2,47,0.000770599572657633,0.000770599572657633,0.0007340299616722406,0.048190078839653726,0.9518099211603461
R2,48,0.0011098410024397499,0.0011098410024397499,0.0010563576770326979,0.04924643651668642,0.9507535634833134
R2,49,0.0009169138241342377,0.0009169138241342377,0.0008717590857027387,0.05011819560238916,0.9498818043976107
R2,50,0.0007739092778840696,0.0007739092778840696,0.000735122341316572,0.05085331794370573,0.9491466820562942
R2,51,0.0010715948279536652,0.0010715948279536652,0.0010171006754609068,0.051870418619166636,0.9481295813808333
R2,52,0.0009021915803502997,0.0009021915803502997,0.0008553945254028421,0.05272581314456948,0.9472741868554304
R2,53,0.0007641890561333786,0.0007641890561333786,0.0007238965667525651,0.05344970971132204,0.9465502902886779
R2,54,0.0010499679980819606,0.0010499679980819606,0.0009938475133783019,0.054443557224700345,0.9455564427752996
R2,55,0.000865766547586269,0.000865766547586269,0.0008186311370095246,0.05526218836170987,0.9447378116382901
R2,56,0.0007785495218112135,0.0007785495218112135,0.000735525171487963,0.05599771353319783,0.9440022864668021
R2,57,0.001010619543394821,0.001010619543394821,0.0009540271597127466,0.05695174069291058,0.9430482593070894
R2,58,0.0008634844240375869,0.0008634844240375869,0.000814307483027431,0.05776604817593801,0.9422339518240619
R2,59,0.000739442394204988,0.000739442394204988,0.0006967277292380116,0.05846277590517602,0.9415372240948239
R2,60,0.000969416705821294,0.000969416705821294,0.0009127419141901296,0.05937551781936615,0.9406244821806338
R2,61,0.0008403044762429431,0.0008403044762429431,0.000790410962840087,0.06016592878220623,0.9398340712177937
R2,62,0.000693047420060909,0.000693047420060909,0.0006513495783428326,0.060817278360549065,0.9391827216394509
R2,63,0.0009527786201330614,0.0009527786201330614,0.0008948332175764492,0.06171211157812551,0.9382878884218745
R2,64,0.0008252768557625353,0.0008252768557625353,0.0007743472783568731,0.06248645885648239,0.9375135411435176
R2,65,0.000672372715279424,0.000672372715279424,0.0006303585252698949,0.06311681738175229,0.9368831826182477
R2,66,0.0009172642152310504,0.0009172642152310504,0.0008593694172674959,0.06397618679901979,0.9360238132009802
R2,67,0.0008567868592826539,0.0008567868592826539,0.0008019729031262413,0.06477815970214602,0.9352218402978539
R2,68,0.000592634265267336,0.000592634265267336,0.0005542445081868845,0.06533240421033291,0.9346675957896671
R2,69,0.0008797683073276312,0.0008797683073276312,0.000822290928661862,0.06615469513899477,0.9338453048610053
R2,70,0.0008414669091328774,0.0008414669091328774,0.0007857999222896397,0.06694049506128441,0.9330595049387156
R2,71,0.0006193620616268872,0.0006193620616268872,0.0005779016585994056,0.06751839671988381,0.9324816032801162
R2,72,0.0007987745840531986,0.0007987745840531986,0.0007448426047973346,0.06826323932468115,0.9317367606753189
R2,73,0.0007932814391118816,0.0007932814391118816,0.0007391294783819597,0.06900236880306311,0.9309976311969369
R2,74,0.0006038162068980739,0.0006038162068980739,0.0005621514583004264,0.06956452026136353,0.9304354797386365
R2,75,0.0007445739844003322,0.0007445739844003322,0.0006927780523764311,0.07025729831373996,0.92974270168626
R2,76,0.0006936341381218266,0.0006936341381218266,0.0006449012775592075,0.07090219959129916,0.9290978004087008
R2,77,0.0005630102139506438,0.0005630102139506438,0.0005230915513891753,0.07142529114268834,0.9285747088573116
R2,78,0.0006767953936485699,0.0006767953936485699,0.0006284550856131905,0.07205374622830153,0.9279462537716985
R2,79,0.0006775735626816202,0.0006775735626816202,0.0006287518491451525,0.07268249807744669,0.9273175019225534
R2,80,0.0005438630594747498,0.0005438630594747498,0.0005043337337000821,0.07318683181114677,0.9268131681888533
R2,81,0.0006139709730869499,0.0006139709730869499,0.0005690363827427092,0.07375586819388948,0.9262441318061105
R2,82,0.0006187974110612597,0.0006187974110612597,0.0005731574707723054,0.07432902566466178,0.9256709743353382
R2,83,0.0005769982407962866,0.0005769982407962866,0.0005341105237476746,0.07486313618840945,0.9251368638115905
R2,84,0.0005223074358406453,0.0005223074358406453,0.00048320586313908815,0.07534634205154854,0.9246536579484514
R2,85,0.0005813295313352888,0.0005813295313352888,0.0005375284776226337,0.07588387052917117,0.9241161294708288
R2,86,0.0005341040625207421,0.0005341040625207421,0.0004935741789913137,0.07637744470816249,0.9236225552918375
R2,87,0.0005392501609656779,0.0005392501609656779,0.0004980636116126541,0.07687550831977515,0.9231244916802248
R2,88,0.0005589625326270504,0.0005589625326270504,0.000515992003799637,0.07739150032357478,0.9226084996764252
R2,89,0.0005348858092201567,0.0005348858092201567,0.0004934901939428195,0.0778849905175176,0.9221150094824824
R2,90,0.0005401637510848318,0.0005401637510848318,0.0004980931024536829,0.07838308361997129,0.9216169163800287
R2,91,0.00046132844223033986,0.00046132844223033986,0.00042516809636672804,0.07880825171633801,0.921191748283662
R2,92,0.0005964579382913183,0.0005964579382913183,0.0005494521309522481,0.07935770384729027,0.9206422961527098
R2,93,0.000553053996274788,0.000553053996274788,0.0005091649010268531,0.07986686874831712,0.920133131251683
R2,94,0.0004810320410860905,0.0004810320410860905,0.00044261351819693264,0.08030948226651406,0.919690517733486
R2,95,0.000614458456979855,0.000614458456979855,0.0005651116164255218,0.08087459388293958,0.9191254061170605
R2,96,0.0005100385950254591,0.0005100385950254591,0.00046878943078815005,0.08134338331372773,0.9186566166862724
R2,97,0.000543848577764036,0.000543848577764036,0.0004996100944383504,0.08184299340816607,0.9181570065918341
R2,98,0.0007157103819004048,0.0007157103819004048,0.000657134501832374,0.08250012790999844,0.9174998720900017
R2,99,0.0004930343954783125,0.0004930343954783125,0.000452358994787323,0.08295248690478577,0.9170475130952144
R2,100,0.0005266528215120658,0.0005266528215120658,0.00048296566023221777,0.08343545256501798,0.9165645474349822
R2,101,0.0007694038370042992,0.0007694038370042992,0.0007052082796585843,0.08414066084467657,0.9158593391553236
R2,102,0.0004911281790567099,0.0004911281790567099,0.0004498043295114357,0.084590465174188,0.9154095348258121
R2,103,0.0004723003780802184,0.0004723003780802184,0.0004323482693964679,0.08502281344358446,0.9149771865564157
R2,104,0.0006420510287056094,0.0006420510287056094,0.000587462043870711,0.08561027548745517,0.914389724512545
R2,105,0.0005393052460927607,0.0005393052460927607,0.0004931351754029297,0.08610341066285811,0.913896589337142
R2,106,0.0005827241504242975,0.0005827241504242975,0.0005325496135971492,0.08663596027645526,0.9133640397235449
R2,107,0.0005903642485000313,0.0005903642485000313,0.0005392174749183433,0.08717517775137361,0.9128248222486265
R2,108,0.0006301314455379321,0.0006301314455379321,0.0005751996247664329,0.08775037737614004,0.91224962262386
R2,109,0.0005384720963004877,0.0005384720963004877,0.0004912209666435987,0.08824159834278364,0.9117584016572164
R2,110,0.0005828056569267485,0.0005828056569267485,0.0005313779542363162,0.08877297629701995,0.9112270237029801
R2,111,0.0005137020444516753,0.0005137020444516753,0.0004680991850358361,0.08924107548205579,0.9107589245179443
R2,112,0.0005932812991917896,0.0005932812991917896,0.000540336237988523,0.08978141172004431,0.9102185882799557
R2,113,0.0006007887099980237,0.0006007887099980237,0.0005468490514689368,0.09032826077151325,0.9096717392284868
R2,114,0.000608805180798592,0.000608805180798592,0.0005538128676683686,0.09088207363918162,0.9091179263608183
R2,115,0.0005503682762403416,0.0005503682762403416,0.0005003496660303974,0.09138242330521201,0.9086175766947879
R2,116,0.0006640648545205375,0.0006640648545205375,0.0006033809988826276,0.09198580430409464,0.9080141956959054
R2,117,0.0005660553554933653,0.0005660553554933653,0.0005139862983376679,0.09249979060243231,0.9075002093975677
R2,118,0.0005358240033473593,0.0005358240033473593,0.0004862603952379716,0.09298605099767028,0.9070139490023297
R2,119,0.0006720078520103084,0.0006720078520103084,0.000609520495612443,0.09359557149328272,0.9064044285067172
R2,120,0.0006177666308341969,0.0006177666308341969,0.0005599464099717904,0.09415551790325451,0.9058444820967454
R2,121,0.0003469840676471698,0.0003469840676471698,0.00031431360305367263,0.09446983150630818,0.9055301684936917
R2,122,0.0006665334779569765,0.0006665334779569765,0.0006035661726010673,0.09507339767890925,0.9049266023210907
R2,123,0.0006782147439863412,0.0006782147439863412,0.0006137345639196281,0.09568713224282888,0.904312867757171
R2,124,0.00033977210220990326,0.00033977210220990326,0.00030726028413332023,0.0959943925269622,0.9040056074730377
R2,125,0.0008406987979970082,0.0008406987979970082,0.000759996427585138,0.09675438895454733,0.9032456110454525
R2,126,0.00055421426571328,0.00055421426571328,0.0005005916030842983,0.09725498055763163,0.9027450194423683
R2,127,0.00044458140907354223,0.00044458140907354223,0.00040134365277781034,0.09765632421040944,0.9023436757895905
R2,128,0.0009730481530620972,0.0009730481530620972,0.0008780238471543249,0.09853434805756377,0.9014656519424362
R2,129,0.000463784373884178,0.000463784373884178,0.0004180856829642151,0.09895243374052798,0.901047566259472
R2,130,0.0002603518010853797,0.0002603518010853797,0.00023458935673925156,0.09918702309726724,0.9008129769027328
R2,131,0.000621808568631741,0.000621808568631741,0.0005601332277727859,0.09974715632504003,0.90025284367496
R2,132,0.00045429316197078193,0.00045429316197078193,0.0004089787109262856,0.1001561350359663,0.8998438649640337
R2,133,0.0003754103270394692,0.0003754103270394692,0.00033781067963060783,0.10049394571559692,0.8995060542844031
R2,134,0.001157385860405308,0.001157385860405308,0.0010410755885777376,0.10153502130417466,0.8984649786958254
R2,135,0.00039556384818242705,0.00039556384818242705,0.00035540026443006304,0.10189042156860473,0.8981095784313954
R2,136,0.0005813733478637109,0.0005813733478637109,0.0005221369723611264,0.10241255854096586,0.8975874414590342
R2,137,0.0010005988594685505,0.0010005988594685505,0.000898124970197204,0.10331068351116306,0.896689316488837
R2,138,0.00020571823957130629,0.00020571823957130629,0.00018446534763048145,0.10349514885879353,0.8965048511412065
R2,139,0.00032774883225055763,0.00032774883225055763,0.0002938284180684904,0.10378897727686202,0.896211022723138
R2,140,0.0010213183308009802,0.0010213183308009802,0.0009153167457730346,0.10470429402263506,0.895295705977365
R2,141,0.00035067230548889146,0.00035067230548889146,0.00031395540930938726,0.10501824943194445,0.8949817505680556
R2,142,0.000620627200507194,0.000620627200507194,0.0005554500183600801,0.10557369945030452,0.8944263005496955
R2,143,0.0019506851720121614,0.0019506851720121614,0.001744744121939984,0.1073184435722445,0.8926815564277555
R2,144,0.0006725754861372309,0.0006725754861372309,0.0006003957317801376,0.10791883930402464,0.8920811606959753
R2,145,0.001388245053766092,0.001388245053766092,0.001238427258894102,0.10915726656291874,0.8908427334370812
R2,146,0.004396109336925958,0.004396109336925958,0.003916242058195395,0.11307350862111414,0.8869264913788858
R2,147,0.0015147642659070718,0.0015147642659070718,0.0013434845556270728,0.11441699317674121,0.8855830068232587
R2,148,0.004302575095714767,0.004302575095714767,0.003810287390345954,0.11822728056708717,0.8817727194329128
R2,149,0.004613407517078192,0.004613407517078192,0.004067976892186279,0.12229525745927346,0.8777047425407265
R2,150,0.0047581418705551545,0.0047581418705551545,0.004176243685467863,0.12647150114474132,0.8735284988552586
R2,151,0.02637665602155575,0.02637665602155575,0.02304076073933111,0.14951226188407243,0.8504877381159275
R2,152,0.03192963623662012,0.03192963623662012,0.027155764101747398,0.17666802598581982,0.8233319740141801
R2,153,0.03370350491643234,0.03370350491643234,0.027749173234042863,0.20441719921986268,0.7955828007801372
R2,154,0.08666615549939745,0.08666615549939745,0.06895010272505751,0.2733673019449202,0.7266326980550797
R2,155,0.11030237972650586,0.11030237972650586,0.08014931578256687,0.3535166177274871,0.6464833822725128
R2,156,0.11030237972650586,0.11030237972650586,0.07130865551829856,0.4248252732457857,0.5751747267542142
R2,157,0.3033315442478911,0.3033315442478911,0.1744686380787146,0.5992939113245003,0.4007060886754996
R2,158,0.3033315442478911,0.3033315442478911,0.12154679666747169,0.720840707991972,0.2791592920080279
R2,159,0.3033315442478911,0.3033315442478911,0.08467781913594308,0.805518527127915,0.19448147287208484
R2,160,0.6066630884957822,0.6066630884957822,0.11798473098778767,0.9235032581157028,0.07649674188429717
R2,161,0.6066630884957822,0.6066630884957822,0.046407749691392386,0.9699110078070952,0.030088992192904784
R2,162,0.6066630884957822,0.6066630884957822,0.018253880933473094,0.9881648887405683,0.01183511125943169
R2,163,0.0,0.0,0.0,0.9881648887405683,0.01183511125943169
R2,164,0.0,0.0,0.0,0.9881648887405683,0.01183511125943169
R2,165,0.0,0.0,0.0,0.9881648887405683,0.01183511125943169
R2,166,0.0,0.0,0.0,0.9881648887405683,0.01183511125943169
R2,167,0.0,0.0,0.0,0.9881648887405683,0.01183511125943169
R2,168,0.0,0.0,0.0,0.9881648887405683,0.01183511125943169
R2,169,0.0,0.0,0.0,0.9881648887405683,0.01183511125943169
R2,170,0.0,0.0,0.0,0.9881648887405683,0.01183511125943169
R2,171,0.0,0.0,0.0,0.9881648887405683,0.01183511125943169
R2,172,0.0,0.0,0.0,0.9881648887405683,0.01183511125943169
R2,173,0.0,0.0,0.0,0.9881648887405683,0.01183511125943169
R2,174,0.0,0.0,0.0,0.9881648887405683,0.01183511125943169
R2,175,0.0,0.0,0.0,0.9881648887405683,0.01183511125943169
R2,176,0.0,0.0,0.0,0.9881648887405683,0.01183511125943169
R2,177,0.0,0.0,0.0,0.9881648887405683,0.01183511125943169
R2,178,0.0,0.0,0.0,0.9881648887405683,0.01183511125943169
R2,179,0.0,0.0,0.0,0.9881648887405683,0.01183511125943169
R2,180,0.0,0.0,0.0,0.9881648887405683,0.01183511125943169
R2,181,0.0,0.0,0.0,0.9881648887405683,0.01183511125943169
R2,182,0.0,0.0,0.0,0.9881648887405683,0.01183511125943169
R2,183,0.0,0.0,0.0,0.9881648887405683,0.01183511125943169
R2,184,0.0,0.0,0.0,0.9881648887405683,0.01183511125943169
R2,185,0.0,0.0,0.0,0.9881648887405683,0.01183511125943169
R2,186,0.0,0.0,0.0,0.9881648887405683,0.01183511125943169
R2,187,0.0,0.0,0.0,0.9881648887405683,0.01183511125943169
R2,188,0.0,0.0,0.0,0.9881648887405683,0.01183511125943169
R2,189,0.0,0.0,0.0,0.9881648887405683,0.01183511125943169
R2,190,0.0,0.0,0.0,0.9881648887405683,0.01183511125943169
R2,191,0.0,0.0,0.0,0.9881648887405683,0.01183511125943169
R2,192,0.0,0.0,0.0,0.9881648887405683,0.01183511125943169
R2,193,0.0,0.0,0.0,0.9881648887405683,0.01183511125943169
R2,194,0.0,0.0,0.0,0.9881648887405683,0.01183511125943169
R2,195,0.0,0.0,0.0,0.9881648887405683,0.01183511125943169
R2,196,0.0,0.0,0.0,0.9881648887405683,0.01183511125943169
R2,197,0.0,0.0,0.0,0.9881648887405683,0.01183511125943169
R2,198,0.0,0.0,0.0,0.9881648887405683,0.01183511125943169
R2,199,0.0,0.0,0.0,0.9881648887405683,0.01183511125943169
R2,200,0.0,0.0,0.0,0.9881648887405683,0.01183511125943169
R2,201,0.0,0.0,0.0,0.9881648887405683,0.01183511125943169
R2,202,0.0,0.0,0.0,0.9881648887405683,0.01183511125943169
R2,203,0.0,0.0,0.0,0.9881648887405683,0.01183511125943169
R2,204,0.0,0.0,0.0,0.9881648887405683,0.01183511125943169
R2,205,0.0,0.0,0.0,0.9881648887405683,0.01183511125943169
R2,206,0.0,0.0,0.0,0.9881648887405683,0.01183511125943169
R2,207,0.0,0.0,0.0,0.9881648887405683,0.01183511125943169
R2,208,0.0,0.0,0.0,0.9881648887405683,0.01183511125943169
R2,209,0.0,0.0,0.0,0.9881648887405683,0.01183511125943169
R2,210,0.0,0.0,0.0,0.9881648887405683,0.01183511125943169
R2,211,0.0,0.0,0.0,0.9881648887405683,0.01183511125943169
R2,212,0.0,0.0,0.0,0.9881648887405683,0.01183511125943169
R2,213,0.0,0.0,0.0,0.9881648887405683,0.01183511125943169
R2,214,0.0,0.0,0.0,0.9881648887405683,0.01183511125943169
R2,215,0.0,0.0,0.0,0.9881648887405683,0.01183511125943169
R2,216,0.0,0.0,0.0,0.9881648887405683,0.01183511125943169
R2,217,0.0,0.0,0.0,0.9881648887405683,0.01183511125943169
R2,218,0.0,0.0,0.0,0.9881648887405683,0.01183511125943169
R2,219,0.0,0.0,0.0,0.9881648887405683,0.01183511125943169
R2,220,0.0,0.0,0.0,0.9881648887405683,0.01183511125943169
R2,221,0.0,0.0,0.0,0.9881648887405683,0.01183511125943169
R2,222,0.0,0.0,0.0,0.9881648887405683,0.01183511125943169
R2,223,0.0,0.0,0.0,0.9881648887405683,0.01183511125943169
R2,224,0.0,0.0,0.0,0.9881648887405683,0.01183511125943169
R2,225,0.0,0.0,0.0,0.9881648887405683,0.01183511125943169
R2,226,0.0,0.0,0.0,0.9881648887405683,0.01183511125943169
R2,227,0.0,0.0,0.0,0.9881648887405683,0.01183511125943169
R2,228,0.0,0.0,0.0,0.9881648887405683,0.01183511125943169
R2,229,0.0,0.0,0.0,0.9881648887405683,0.01183511125943169
R2,230,0.0,0.0,0.0,0.9881648887405683,0.01183511125943169
R2,231,0.0,0.0,0.0,0.9881648887405683,0.01183511125943169
R2,232,0.0,0.0,0.0,0.9881648887405683,0.01183511125943169
R2,233,0.0,0.0,0.0,0.9881648887405683,0.01183511125943169
R2,234,0.0,0.0,0.0,0.9881648887405683,0.01183511125943169
R2,235,0.0,0.0,0.0,0.9881648887405683,0.01183511125943169
R2,236,0.0,0.0,0.0,0.9881648887405683,0.01183511125943169
R2,237,0.0,0.0,0.0,0.9881648887405683,0.01183511125943169
R2,238,0.0,0.0,0.0,0.9881648887405683,0.01183511125943169
R2,239,0.0,0.0,0.0,0.9881648887405683,0.01183511125943169
R2,240,0.0,0.0,0.0,0.9881648887405683,0.01183511125943169
R2,241,0.0,0.0,0.0,0.9881648887405683,0.01183511125943169
R2,242,0.0,0.0,0.0,0.9881648887405683,0.01183511125943169
R2,243,0.0,0.0,0.0,0.9881648887405683,0.01183511125943169
R2,244,0.0,0.0,0.0,0.9881648887405683,0.01183511125943169
R2,245,0.0,0.0,0.0,0.9881648887405683,0.01183511125943169
R2,246,0.0,0.0,0.0,0.9881648887405683,0.01183511125943169
R2,247,0.0,0.0,0.0,0.9881648887405683,0.01183511125943169
R2,248,0.0,0.0,0.0,0.9881648887405683,0.01183511125943169
R2,249,0.0,0.0,0.0,0.9881648887405683,0.01183511125943169
R2,250,0.0,0.0,0.0,0.9881648887405683,0.01183511125943169
R2,251,0.0,0.0,0.0,0.9881648887405683,0.01183511125943169
R2,252,0.0,0.0,0.0,0.9881648887405683,0.01183511125943169
R2,253,0.0,0.0,0.0,0.9881648887405683,0.01183511125943169
R2,254,0.0,0.0,0.0,0.9881648887405683,0.01183511125943169
R2,255,0.0,0.0,0.0,0.9881648887405683,0.01183511125943169
R2,256,0.0,0.0,0.0,0.9881648887405683,0.01183511125943169
R2,257,0.0,0.0,0.0,0.9881648887405683,0.01183511125943169
R2,258,0.0,0.0,0.0,0.9881648887405683,0.01183511125943169
R2,259,0.0,0.0,0.0,0.9881648887405683,0.01183511125943169
R2,260,0.0,0.0,0.0,0.9881648887405683,0.01183511125943169
R2,261,0.0,0.0,0.0,0.9881648887405683,0.01183511125943169
R2,262,0.0,0.0,0.0,0.9881648887405683,0.01183511125943169
R2,263,0.0,0.0,0.0,0.9881648887405683,0.01183511125943169
R2,264,0.0,0.0,0.0,0.9881648887405683,0.01183511125943169
R2,265,0.0,0.0,0.0,0.9881648887405683,0.01183511125943169
R2,266,0.0,0.0,0.0,0.9881648887405683,0.01183511125943169
R2,267,0.0,0.0,0.0,0.9881648887405683,0.01183511125943169
R2,268,0.0,0.0,0.0,0.9881648887405683,0.01183511125943169
R2,269,0.0,0.0,0.0,0.9881648887405683,0.01183511125943169
R2,270,0.0,0.0,0.0,0.9881648887405683,0.01183511125943169
R2,271,0.0,0.0,0.0,0.9881648887405683,0.01183511125943169
R2,272,0.0,0.0,0.0,0.9881648887405683,0.01183511125943169
R2,273,0.0,0.0,0.0,0.9881648887405683,0.01183511125943169
R2,274,0.0,0.0,0.0,0.9881648887405683,0.01183511125943169
R2,275,0.0,0.0,0.0,0.9881648887405683,0.01183511125943169
R2,276,0.0,0.0,0.0,0.9881648887405683,0.01183511125943169
R2,277,0.0,0.0,0.0,0.9881648887405683,0.01183511125943169
R2,278,0.0,0.0,0.0,0.9881648887405683,0.01183511125943169
R2,279,0.0,0.0,0.0,0.9881648887405683,0.01183511125943169
R2,280,0.0,0.0,0.0,0.9881648887405683,0.01183511125943169
R2,281,0.0,0.0,0.0,0.9881648887405683,0.01183511125943169
R2,282,0.0,0.0,0.0,0.9881648887405683,0.01183511125943169
R2,283,0.0,0.0,0.0,0.9881648887405683,0.01183511125943169
R2,284,0.0,0.0,0.0,0.9881648887405683,0.01183511125943169
R2,285,0.0,0.0,0.0,0.9881648887405683,0.01183511125943169
R2,286,0.0,0.0,0.0,0.9881648887405683,0.01183511125943169
R2,287,0.0,0.0,0.0,0.9881648887405683,0.01183511125943169
R2,288,0.0,0.0,0.0,0.9881648887405683,0.01183511125943169
R2,289,0.0,0.0,0.0,0.9881648887405683,0.01183511125943169
R2,290,0.0,0.0,0.0,0.9881648887405683,0.01183511125943169
R2,291,0.0,0.0,0.0,0.9881648887405683,0.01183511125943169
R2,292,0.0,0.0,0.0,0.9881648887405683,0.01183511125943169
R2,293,0.0,0.0,0.0,0.9881648887405683,0.01183511125943169
R2,294,0.0,0.0,0.0,0.9881648887405683,0.01183511125943169
R2,295,0.0,0.0,0.0,0.9881648887405683,0.01183511125943169
R2,296,0.0,0.0,0.0,0.9881648887405683,0.01183511125943169
R2,297,0.0,0.0,0.0,0.9881648887405683,0.01183511125943169
R2,298,0.0,0.0,0.0,0.9881648887405683,0.01183511125943169
R2,299,0.0,0.0,0.0,0.9881648887405683,0.01183511125943169
R2,300,0.0,0.0,0.0,0.9881648887405683,0.01183511125943169
R2,301,0.0,0.0,0.0,0.9881648887405683,0.01183511125943169
R2,302,0.0,0.0,0.0,0.9881648887405683,0.01183511125943169
R2,303,0.0,0.0,0.0,0.9881648887405683,0.01183511125943169
R2,304,0.0,0.0,0.0,0.9881648887405683,0.01183511125943169
R2,305,0.0,0.0,0.0,0.9881648887405683,0.01183511125943169
R2,306,0.0,0.0,0.0,0.9881648887405683,0.01183511125943169
R2,307,0.0,0.0,0.0,0.9881648887405683,0.01183511125943169
R2,308,0.0,0.0,0.0,0.9881648887405683,0.01183511125943169
R2,309,0.0,0.0,0.0,0.9881648887405683,0.01183511125943169
R2,310,0.0,0.0,0.0,0.9881648887405683,0.01183511125943169
R2,311,0.0,0.0,0.0,0.9881648887405683,0.01183511125943169
R2,312,0.0,0.0,0.0,0.9881648887405683,0.01183511125943169
R2,313,0.0,0.0,0.0,0.9881648887405683,0.01183511125943169
R2,314,0.0,0.0,0.0,0.9881648887405683,0.01183511125943169
R2,315,0.0,0.0,0.0,0.9881648887405683,0.01183511125943169
R2,316,0.0,0.0,0.0,0.9881648887405683,0.01183511125943169
R2,317,0.0,0.0,0.0,0.9881648887405683,0.01183511125943169
R2,318,0.0,0.0,0.0,0.9881648887405683,0.01183511125943169
R2,319,0.0,0.0,0.0,0.9881648887405683,0.01183511125943169
R2,320,0.0,0.0,0.0,0.9881648887405683,0.01183511125943169
R2,321,0.0,0.0,0.0,0.9881648887405683,0.01183511125943169
R2,322,0.0,0.0,0.0,0.9881648887405683,0.01183511125943169
R2,323,0.0,0.0,0.0,0.9881648887405683,0.01183511125943169
R2,324,0.0,0.0,0.0,0.9881648887405683,0.01183511125943169
R2,325,0.0,0.0,0.0,0.9881648887405683,0.01183511125943169
R2,326,0.0,0.0,0.0,0.9881648887405683,0.01183511125943169
R2,327,0.0,0.0,0.0,0.9881648887405683,0.01183511125943169
R2,328,0.0,0.0,0.0,0.9881648887405683,0.01183511125943169
R2,329,0.0,0.0,0.0,0.9881648887405683,0.01183511125943169
R2,330,0.0,0.0,0.0,0.9881648887405683,0.01183511125943169
R2,331,0.0,0.0,0.0,0.9881648887405683,0.01183511125943169
R2,332,0.0,0.0,0.0,0.9881648887405683,0.01183511125943169
R2,333,0.0,0.0,0.0,0.9881648887405683,0.01183511125943169
R2,334,0.0,0.0,0.0,0.9881648887405683,0.01183511125943169
R2,335,0.0,0.0,0.0,0.9881648887405683,0.01183511125943169
R2,336,0.0,0.0,0.0,0.9881648887405683,0.01183511125943169
R2,337,0.0,0.0,0.0,0.9881648887405683,0.01183511125943169
R2,338,0.0,0.0,0.0,0.9881648887405683,0.01183511125943169
R2,339,0.0,0.0,0.0,0.9881648887405683,0.01183511125943169
R2,340,0.0,0.0,0.0,0.9881648887405683,0.01183511125943169
R2,341,0.0,0.0,0.0,0.9881648887405683,0.01183511125943169
R2,342,0.0,0.0,0.0,0.9881648887405683,0.01183511125943169
R2,343,0.0,0.0,0.0,0.9881648887405683,0.01183511125943169
R2,344,0.0,0.0,0.0,0.9881648887405683,0.01183511125943169
R2,345,0.0,0.0,0.0,0.9881648887405683,0.01183511125943169
R2,346,0.0,0.0,0.0,0.9881648887405683,0.01183511125943169
R2,347,0.0,0.0,0.0,0.9881648887405683,0.01183511125943169
R2,348,0.0,0.0,0.0,0.9881648887405683,0.01183511125943169
R2,349,0.0,0.0,0.0,0.9881648887405683,0.01183511125943169
R2,350,0.0,0.0,0.0,0.9881648887405683,0.01183511125943169
R2,351,0.0,0.0,0.0,0.9881648887405683,0.01183511125943169
R2,352,0.0,0.0,0.0,0.9881648887405683,0.01183511125943169
R2,353,0.0,0.0,0.0,0.9881648887405683,0.01183511125943169
R2,354,0.0,0.0,0.0,0.9881648887405683,0.01183511125943169
R2,355,0.0,0.0,0.0,0.9881648887405683,0.01183511125943169
R2,356,0.0,0.0,0.0,0.9881648887405683,0.01183511125943169
R2,357,0.0,0.0,0.0,0.9881648887405683,0.01183511125943169
R2,358,0.0,0.0,0.0,0.9881648887405683,0.01183511125943169
R2,359,0.0,0.0,0.0,0.9881648887405683,0.01183511125943169
R2,360,0.0,0.0,0.0,0.9881648887405683,0.01183511125943169
R3,1,5.42036534222962e-06,5.42036534222962e-06,5.42036534222962e-06,5.42036534222962e-06,0.9999945796346578
R3,2,1.182777763365012e-05,1.182777763365012e-05,1.182771352277416e-05,1.724807886500378e-05,0.999982751921135
R3,3,0.0017554451627443586,0.0017554451627443586,0.0017554148846877483,0.001772662963552752,0.9982273370364472
R3,4,0.001288589083175128,0.001288589083175128,0.001286304849032145,0.003058967812584897,0.996941032187415
R3,5,0.0009405415561618319,0.0009405415561618319,0.0009376644698151343,0.003996632282400031,0.9960033677175999
R3,6,0.0019919707604259887,0.0019919707604259887,0.0019840095857792733,0.005980641868179305,0.9940193581318206
R3,7,0.0014427983029812496,0.0014427983029812496,0.0014341694430431019,0.007414811311222407,0.9925851886887775
R3,8,0.0011041011705794285,0.0011041011705794285,0.0010959144687310823,0.00851072577995349,0.9914892742200465
R3,9,0.002131964202512736,0.002131964202512736,0.002113819639812473,0.010624545419765962,0.989375454580234
R3,10,0.001533004112365029,0.001533004112365029,0.0015167166405445189,0.012141262060310482,0.9878587379396895
R3,11,0.0011852036872667328,0.0011852036872667328,0.001170813818704781,0.013312075879015263,0.9866879241209847
R3,12,0.002203418845424171,0.002203418845424171,0.0021740867665606322,0.015486162645575896,0.9845138373544241
R3,13,0.001607970094416038,0.001607970094416038,0.0015830688080046892,0.017069231453580587,0.9829307685464194
R3,14,0.0012319405491866685,0.0012319405491866685,0.00121091227081555,0.018280143724396136,0.9817198562756038
R3,15,0.00228264796349231,0.00228264796349231,0.00224092083064747,0.020521064555043607,0.9794789354449563
R3,16,0.0016550815001711934,0.0016550815001711934,0.0016211174658623219,0.02214218202090593,0.977857817979094
R3,17,0.0012774279130659527,0.0012774279130659527,0.0012491428716962603,0.02339132489260219,0.9766086751073977
R3,18,0.0023229103846610258,0.0023229103846610258,0.00226857443315702,0.02565989932575921,0.9743401006742407
R3,19,0.0016790456600622096,0.0016790456600622096,0.0016359615174616603,0.027295860843220873,0.972704139156779
R3,20,0.0012840698273628847,0.0012840698273628847,0.0012490200360422085,0.02854488087926308,0.9714551191207368
R3,21,0.0023667464065674775,0.0023667464065674775,0.0022991879123205844,0.030844068791583665,0.9691559312084163
R3,22,0.001715588452537911,0.001715588452537911,0.001662672724289785,0.032506741515873454,0.9674932584841265
R3,23,0.00127895791398442,0.00127895791398442,0.0012373831596648479,0.0337441246755383,0.9662558753244617
R3,24,0.002368083218252277,0.002368083218252277,0.002288174322893522,0.03603229899843182,0.9639677010015681
R3,25,0.001745584427383294,0.001745584427383294,0.0016826870073688128,0.03771498600580064,0.9622850139941993
R3,26,0.0012523200914599996,0.0012523200914599996,0.0012050888567358027,0.03892007486253644,0.9610799251374635
R3,27,0.002389996507413277,0.002389996507413277,0.0022969776644235513,0.04121705252695999,0.9587829474730399
R3,28,0.0017274071586927846,0.0017274071586927846,0.0016562085270974973,0.042873261054057483,0.9571267389459425
R3,29,0.0012556292479778577,0.0012556292479778577,0.0012017963274421931,0.04407505738149968,0.9559249426185003
R3,30,0.0023625896817561524,0.0023625896817561524,0.002258458405963811,0.04633351578746349,0.9536664842125364
R3,31,0.0016924576252841587,0.0016924576252841587,0.001614040113183442,0.04794755590064693,0.952052444099353
R3,32,0.0012245786489805247,0.0012245786489805247,0.001165863095753792,0.04911341899640072,0.9508865810035991
R3,33,0.0023547990363157246,0.0023547990363157246,0.0022391468045928294,0.051352565800993545,0.9486474341990063
R3,34,0.0016952995832149663,0.0016952995832149663,0.0016082415998155226,0.052960807400809065,0.9470391925991908
R3,35,0.0011979904950764862,0.0011979904950764862,0.0011345439511987404,0.054095351352007805,0.9459046486479921
R3,36,0.002303200771583369,0.002303200771583369,0.0021786083166103506,0.05627395966861815,0.9437260403313817
R3,37,0.001662841442854677,0.001662841442854677,0.0015692667705641658,0.05784322643918232,0.9421567735608176
R3,38,0.0011676095520086547,0.0011676095520086547,0.001100071248299266,0.058943297687481584,0.9410567023125184
R3,39,0.002293003082083159,0.002293003082083159,0.0021578459188176186,0.0611011436062992,0.9388988563937007
R3,40,0.00170100492243475,0.00170100492243475,0.0015970715763940423,0.06269821518269325,0.9373017848173067
R3,41,0.001163419858474233,0.001163419858474233,0.0010904755098397972,0.06378869069253305,0.936211309307467
R3,42,0.002298288437433341,0.002298288437433341,0.002151683627175681,0.06594037431970873,0.9340596256802913
R3,43,0.0017373676593734474,0.0017373676593734474,0.0016228049855834062,0.06756317930529214,0.9324368206947079
R3,44,0.0011495585213391658,0.0011495585213391658,0.0010718906928400013,0.06863506999813214,0.9313649300018679
R3,45,0.002388447526241458,0.002388447526241458,0.00222451626309101,0.07085958626122316,0.9291404137387769
R3,46,0.001767784880745594,0.001767784880745594,0.0016425203754971156,0.07250210663672027,0.9274978933632797
R3,47,0.0011413119558816374,0.0011413119558816374,0.0010585644347505432,0.07356067107147081,0.9264393289285292
R3,48,0.0023972892017393357,0.0023972892017393357,0.0022209429993069996,0.07578161407077781,0.9242183859292222
R3,49,0.0017694709293379469,0.0017694709293379469,0.0016353775662613982,0.0774169916370392,0.9225830083629608
R3,50,0.0011276430461660057,0.0011276430461660057,0.0010403443138914067,0.07845733595093062,0.9215426640490694
R3,51,0.002434533134942514,0.002434533134942514,0.002243526150890657,0.08070086210182127,0.9192991378981787
R3,52,0.0017417412044251478,0.0017417412044251478,0.001601181187669774,0.08230204328949105,0.917697956710509
R3,53,0.001137167375304449,0.001137167375304449,0.0010435761767547454,0.08334561946624579,0.9166543805337543
R3,54,0.002437235561091907,0.002437235561091907,0.002234102653467539,0.08557972211971333,0.9144202778802867
R3,55,0.0017315457397985734,0.0017315457397985734,0.001583360536549038,0.08716308265626237,0.9128369173437376
R3,56,0.001139338970613492,0.001139338970613492,0.0010400306737444074,0.08820311333000677,0.9117968866699933
R3,57,0.0024505642687379357,0.0024505642687379357,0.0022344168708199785,0.09043753020082675,0.9095624697991733
R3,58,0.0017267004974015128,0.0017267004974015128,0.0015705419690199812,0.09200807216984673,0.9079919278301534
R3,59,0.0011081625639940028,0.0011081625639940028,0.0010062026628301203,0.09301427483267685,0.9069857251673232
R3,60,0.0024274569604982497,0.0024274569604982497,0.002201668811629971,0.09521594364430683,0.9047840563556933
R3,61,0.001729896395668007,0.001729896395668007,0.0015651826779475926,0.09678112632225443,0.9032188736777457
R3,62,0.0011436926786982738,0.0011436926786982738,0.0010330048130873387,0.09781413113534176,0.9021858688646583
R3,63,0.002374672199081036,0.002374672199081036,0.0021423957011966733,0.09995652683653844,0.9000434731634617
R3,64,0.00170149674921138,0.00170149674921138,0.00153142104373655,0.10148794788027499,0.8985120521197251
R3,65,0.00116486672048128,0.00116486672048128,0.001046646787465609,0.10253459466774059,0.8974654053322595
R3,66,0.0023853342313059126,0.0023853342313059126,0.0021407549527518743,0.10467534962049246,0.8953246503795076
R3,67,0.0016932244187480786,0.0016932244187480786,0.0015159855607296685,0.10619133518122213,0.893808664818778
R3,68,0.0011334344622403686,0.0011334344622403686,0.0010130735433546536,0.10720440872457679,0.8927955912754233
R3,69,0.0023570424909117103,0.0023570424909117103,0.002104357144334817,0.10930876586891161,0.8906912341310885
R3,70,0.0016579824128327614,0.0016579824128327614,0.0014767504014536522,0.11078551627036526,0.8892144837296349
R3,71,0.0010889080350301764,0.0010889080350301764,0.0009682727961984095,0.11175378906656366,0.8882462109334365
R3,72,0.0023223718086191015,0.0023223718086191015,0.002062837959384549,0.11381662702594822,0.8861833729740519
R3,73,0.001600337204484288,0.001600337204484288,0.0014181922217657514,0.11523481924771398,0.8847651807522862
R3,74,0.001057338824591682,0.001057338824591682,0.0009354965762562692,0.11617031582397025,0.8838296841760299
R3,75,0.0023415960434380384,0.0023415960434380384,0.0020695720915396825,0.11823988791550993,0.8817601120844902
R3,76,0.0015757296205561172,0.0015757296205561172,0.0013894155268364132,0.11962930344234635,0.8803706965576538
R3,77,0.0009840322176273232,0.0009840322176273232,0.0008663131288677392,0.12049561657121409,0.879504383428786
R3,78,0.0023094972853781384,0.0023094972853781384,0.0020312129860069546,0.12252682955722105,0.8774731704427791
R3,79,0.0015484282034071684,0.0015484282034071684,0.0013587042048467043,0.12388553376206776,0.8761144662379323
R3,80,0.0009727475982978092,0.0009727475982978092,0.0008522382428669158,0.12473777200493467,0.8752622279950654
R3,81,0.0023146424311104,0.0023146424311104,0.0020259190912656033,0.12676369109620028,0.8732363089037998
R3,82,0.0015414598886801976,0.0015414598886801976,0.0013460587435143577,0.12810974983971463,0.8718902501602854
R3,83,0.000930007125979764,0.000930007125979764,0.0008108641457213445,0.12892061398543597,0.8710793860145641
R3,84,0.0021603329165277517,0.0021603329165277517,0.0018818214705160466,0.13080243545595202,0.8691975645440481
R3,85,0.0014559282611783758,0.0014559282611783758,0.001265489298767095,0.13206792475471912,0.8679320752452809
R3,86,0.0008770916559896455,0.0008770916559896455,0.0007612559811634131,0.13282918073588254,0.8671708192641175
R3,87,0.0019684301356913876,0.0019684301356913876,0.0017069651734316787,0.13453614590931423,0.8654638540906858
R3,88,0.0013852057326042303,0.0013852057326042303,0.0011988454920481692,0.1357349914013624,0.8642650085986376
R3,89,0.0008127933809026445,0.0008127933809026445,0.0007024688783347398,0.13643746027969714,0.863562539720303
R3,90,0.0016930066231108927,0.0016930066231108927,0.0014620170992169362,0.13789947737891406,0.862100522621086
R3,91,0.001297481181106716,0.001297481181106716,0.0011185592043231238,0.1390180365832372,0.8609819634167629
R3,92,0.0006978187885860041,0.0006978187885860041,0.0006008093907058849,0.13961884597394308,0.8603811540260571
R3,93,0.0014888103710672352,0.0014888103710672352,0.00128094438518479,0.14089979035912786,0.8591002096408723
R3,94,0.001042823591584388,0.001042823591584388,0.0008958899661485951,0.14179568032527645,0.8582043196747237
R3,95,0.0006257495349217862,0.0006257495349217862,0.0005370209539043262,0.14233270127918077,0.8576672987208194
R3,96,0.0010919597073679279,0.0010919597073679279,0.0009365381325302271,0.143269239411711,0.8567307605882891
R3,97,0.0008208797931899213,0.0008208797931899213,0.0007032729695711588,0.14397251238128214,0.8560274876187179
R3,98,0.0005733148956352685,0.0005733148956352685,0.0004907733097250464,0.1444632856910072,0.8555367143089929
R3,99,0.0007188419917175562,0.0007188419917175562,0.0006149957157013704,0.14507828140670856,0.8549217185932916
R3,100,0.0005579087606418454,0.0005579087606418454,0.0004769683164661798,0.14555524972317474,0.8544447502768254
R3,101,0.0005070055030267779,0.0005070055030267779,0.00043320819042269153,0.14598845791359744,0.8540115420864027
R3,102,0.000503228274930551,0.000503228274930551,0.00042976275509492006,0.14641822066869237,0.8535817793313079
R3,103,0.00041143562961971,0.00041143562961971,0.00035119395681108904,0.14676941462550347,0.8532305853744968
R3,104,0.00045838014476782434,0.00045838014476782434,0.00039110395924429734,0.14716051858474777,0.8528394814152526
R3,105,0.0005234392743763943,0.0005234392743763943,0.0004464096793115402,0.1476069282640593,0.852393071735941
R3,106,0.0003845591713183418,0.0003845591713183418,0.0003277955733042694,0.14793472383736356,0.8520652761626367
R3,107,0.00041605342835569753,0.00041605342835569753,0.0003545046793303092,0.14828922851669388,0.8517107714833064
R3,108,0.0004959958912588091,0.0004959958912588091,0.0004224450431965905,0.14871167355989046,0.8512883264401099
R3,109,0.0003608173280660746,0.0003608173280660746,0.00030715957935996077,0.1490188331392504,0.8509811668607499
R3,110,0.00046855362882802586,0.00046855362882802586,0.00039873031379691215,0.14941756345304733,0.850582436546953
R3,111,0.00048227020154791066,0.00048227020154791066,0.00041021056310661195,0.14982777401615394,0.8501722259838463
R3,112,0.0003757316345462371,0.0003757316345462371,0.00031943660011472347,0.15014721061626865,0.8498527893837317
R3,113,0.0004595335329497565,0.0004595335329497565,0.00039053585479271156,0.15053774647106136,0.8494622535289389
R3,114,0.0004507375801227011,0.0004507375801227011,0.00038288456056121035,0.15092063103162257,0.8490793689683777
R3,115,0.0003657245280824326,0.0003657245280824326,0.0003105291515204896,0.15123116018314306,0.8487688398168571
R3,116,0.0003936864567500793,0.0003936864567500793,0.0003341487971473741,0.15156530898029044,0.8484346910197098
R3,117,0.00038306031821447594,0.00038306031821447594,0.0003250016627262106,0.15189031064301664,0.8481096893569836
R3,118,0.00032172508453334124,0.00032172508453334124,0.00027285816150192133,0.15216316880451855,0.8478368311954817
R3,119,0.00040988595546228207,0.00040988595546228207,0.0003475164096306736,0.15251068521414923,0.847489314785851
R3,120,0.00041224367991376945,0.00041224367991376945,0.00034937211381491813,0.15286005732796415,0.8471399426720361
R3,121,0.00026402813397105915,0.00026402813397105915,0.00022366877827604772,0.1530837261062402,0.84691627389376
R3,122,0.0003780834637619502,0.0003780834637619502,0.0003202050383501173,0.1534039311445903,0.8465960688554099
R3,123,0.000380187818930282,0.000380187818930282,0.0003218655129330892,0.1537257966575234,0.8462742033424768
R3,124,0.00022525823356039343,0.00022525823356039343,0.00019063023215265553,0.15391642688967605,0.8460835731103241
R3,125,0.000353291676941393,0.000353291676941393,0.0002989142843767121,0.15421534117405275,0.8457846588259474
R3,126,0.000373439364689559,0.000373439364689559,0.0003158492856561372,0.1545311904597089,0.8454688095402914
R3,127,0.0001940452916671516,0.0001940452916671516,0.00016405924174272527,0.15469524970145163,0.8453047502985487
R3,128,0.0003594420326023596,0.0003594420326023596,0.00030383805761574037,0.15499908775906737,0.845000912240933
R3,129,0.0003407999548799186,0.0003407999548799186,0.00028797627276520003,0.15528706403183257,0.8447129359681678
R3,130,0.0001984264496921366,0.0001984264496921366,0.00016761338889318466,0.15545467742072575,0.8445453225792746
R3,131,0.0003405627376384429,0.0003405627376384429,0.0002876206671173396,0.1557422980878431,0.8442577019121573
R3,132,0.0003189033341058168,0.0003189033341058168,0.0002692365959843018,0.1560115346838274,0.843988465316173
R3,133,0.00022745996109295146,0.00022745996109295146,0.00019197358348371652,0.1562035082673111,0.8437964917326893
R3,134,0.0002558842063773991,0.0002558842063773991,0.00021591419563105283,0.15641942246294216,0.8435805775370583
R3,135,0.0003115916321778565,0.0003115916321778565,0.00026285264902831086,0.15668227511197047,0.84331772488803
R3,136,0.00020129841858837158,0.00020129841858837158,0.00016975852438750385,0.15685203363635797,0.8431479663636425
R3,137,0.0002026631125089279,0.0002026631125089279,0.00017087499116882866,0.1570229086275268,0.8429770913724737
R3,138,0.0002980499203669744,0.0002980499203669744,0.00025124925495474947,0.15727415788248156,0.8427258421175189
R3,139,0.00023695077536470632,0.00023695077536470632,0.0001996845417096212,0.15747384242419118,0.8425261575758093
R3,140,0.0002387252780657517,0.0002387252780657517,0.0002011322912449544,0.15767497471543615,0.8423250252845643
R3,141,0.00024033318598261854,0.00024033318598261854,0.00020243865695952906,0.1578774133723957,0.8421225866276048
R3,142,0.00028481049752297397,0.00028481049752297397,0.00023984535287274186,0.15811725872526844,0.8418827412747321
R3,143,0.0002428859016090031,0.0002428859016090031,0.00020448144866357237,0.15832174017393202,0.8416782598260685
R3,144,0.00024459783593356373,0.00024459783593356373,0.00020587268090578413,0.1585276128548378,0.8414723871451627
R3,145,0.0003534185276779315,0.0003534185276779315,0.0002973919321464778,0.15882500478698428,0.8411749952130162
R3,146,0.00030145408758188303,0.00030145408758188303,0.0002535756406786346,0.1590785804276629,0.8409214195723376
R3,147,0.00019327789953845693,0.00019327789953845693,0.00016253152565183886,0.15924111195331475,0.8407588880466857
R3,148,0.0003167808553693505,0.0003167808553693505,0.0002663363197148131,0.15950744827302957,0.8404925517269709
R3,149,0.0002485067874640713,0.0002485067874640713,0.0002088681039171493,0.15971631637694672,0.8402836836230537
R3,150,0.00017887952271476853,0.00017887952271476853,0.0001503095442714994,0.15986662592121823,0.8401333740787822
R3,151,0.00043991688082208486,0.00043991688082208486,0.00036958885339927167,0.1602362147746175,0.839763785225383
R3,152,0.00034535500338527463,0.00034535500338527463,0.00029001662488934316,0.16052623139950684,0.8394737686004936
R3,153,0.00024872182073848497,0.00024872182073848497,0.00020879544418851237,0.16073502684369534,0.8392649731563051
R3,154,0.0005161376543396573,0.0005161376543396573,0.0004331762546143308,0.16116820309830968,0.8388317969016907
R3,155,0.0003724113809113917,0.0003724113809113917,0.0003123905078365427,0.16148059360614622,0.8385194063938542
R3,156,0.00022547550762646562,0.00022547550762646562,0.0001890655888112969,0.16166965919495752,0.838330340805043
R3,157,0.0008614980781401939,0.0008614980781401939,0.0007222199774501583,0.16239187917240766,0.8376081208275928
R3,158,0.00037307376385064037,0.00037307376385064037,0.000312489614269012,0.16270436878667668,0.8372956312133238
R3,159,0.00012550421625232176,0.00012550421625232176,0.00010508413196692125,0.1628094529186436,0.8371905470813569
R3,160,0.0002325876068780384,0.0002325876068780384,0.00019472014584656855,0.16300417306449017,0.8369958269355103
R3,161,0.0007058542039566118,0.0007058542039566118,0.0005907970231365707,0.16359497008762675,0.8364050299123738
R3,162,0.00023749879802625496,0.00023749879802625496,0.0001986451892673026,0.16379361527689404,0.8362063847231065
R3,163,0.0005353245023281909,0.0005353245023281909,0.0004476417667455527,0.1642412570436396,0.835758742956361
R3,164,0.0005409212038684751,0.0005409212038684751,0.00045207962538355823,0.16469333666902314,0.8353066633309775
R3,165,0.0005469250861524275,0.0005469250861524275,0.0004568501688059916,0.16515018683782912,0.8348498131621714
R3,166,0.002028984829412535,0.002028984829412535,0.001693897605743935,0.16684408444357304,0.8331559155564275
R3,167,0.0020490737881195898,0.0020490737881195898,0.001707197947983454,0.1685512823915565,0.8314487176084441
R3,168,0.0020695645260007858,0.0020695645260007858,0.0017207367711512807,0.1702720191627078,0.8297279808372928
R3,169,0.0,0.0,0.0,0.1702720191627078,0.8297279808372928
R3,170,0.0,0.0,0.0,0.1702720191627078,0.8297279808372928
R3,171,0.0,0.0,0.0,0.1702720191627078,0.8297279808372928
R3,172,0.0,0.0,0.0,0.1702720191627078,0.8297279808372928
R3,173,0.0,0.0,0.0,0.1702720191627078,0.8297279808372928
R3,174,0.0,0.0,0.0,0.1702720191627078,0.8297279808372928
R3,175,0.0,0.0,0.0,0.1702720191627078,0.8297279808372928
R3,176,0.0,0.0,0.0,0.1702720191627078,0.8297279808372928
R3,177,0.0,0.0,0.0,0.1702720191627078,0.8297279808372928
R3,178,0.0,0.0,0.0,0.1702720191627078,0.8297279808372928
R3,179,0.0,0.0,0.0,0.1702720191627078,0.8297279808372928
R3,180,0.0,0.0,0.0,0.1702720191627078,0.8297279808372928
R3,181,0.0,0.0,0.0,0.1702720191627078,0.8297279808372928
R3,182,0.0,0.0,0.0,0.1702720191627078,0.8297279808372928
R3,183,0.0,0.0,0.0,0.1702720191627078,0.8297279808372928
R3,184,0.0,0.0,0.0,0.1702720191627078,0.8297279808372928
R3,185,0.0,0.0,0.0,0.1702720191627078,0.8297279808372928
R3,186,0.0,0.0,0.0,0.1702720191627078,0.8297279808372928
R3,187,0.0,0.0,0.0,0.1702720191627078,0.8297279808372928
R3,188,0.0,0.0,0.0,0.1702720191627078,0.8297279808372928
R3,189,0.0,0.0,0.0,0.1702720191627078,0.8297279808372928
R3,190,0.0,0.0,0.0,0.1702720191627078,0.8297279808372928
R3,191,0.0,0.0,0.0,0.1702720191627078,0.8297279808372928
R3,192,0.0,0.0,0.0,0.1702720191627078,0.8297279808372928
R3,193,0.0,0.0,0.0,0.1702720191627078,0.8297279808372928
R3,194,0.0,0.0,0.0,0.1702720191627078,0.8297279808372928
R3,195,0.0,0.0,0.0,0.1702720191627078,0.8297279808372928
R3,196,0.0,0.0,0.0,0.1702720191627078,0.8297279808372928
R3,197,0.0,0.0,0.0,0.1702720191627078,0.8297279808372928
R3,198,0.0,0.0,0.0,0.1702720191627078,0.8297279808372928
R3,199,0.0,0.0,0.0,0.1702720191627078,0.8297279808372928
R3,200,0.0,0.0,0.0,0.1702720191627078,0.8297279808372928
R3,201,0.0,0.0,0.0,0.1702720191627078,0.8297279808372928
R3,202,0.0,0.0,0.0,0.1702720191627078,0.8297279808372928
R3,203,0.0,0.0,0.0,0.1702720191627078,0.8297279808372928
R3,204,0.0,0.0,0.0,0.1702720191627078,0.8297279808372928
R3,205,0.0,0.0,0.0,0.1702720191627078,0.8297279808372928
R3,206,0.0,0.0,0.0,0.1702720191627078,0.8297279808372928
R3,207,0.0,0.0,0.0,0.1702720191627078,0.8297279808372928
R3,208,0.0,0.0,0.0,0.1702720191627078,0.8297279808372928
R3,209,0.0,0.0,0.0,0.1702720191627078,0.8297279808372928
R3,210,0.0,0.0,0.0,0.1702720191627078,0.8297279808372928
R3,211,0.0,0.0,0.0,0.1702720191627078,0.8297279808372928
R3,212,0.0,0.0,0.0,0.1702720191627078,0.8297279808372928
R3,213,0.0,0.0,0.0,0.1702720191627078,0.8297279808372928
R3,214,0.0,0.0,0.0,0.1702720191627078,0.8297279808372928
R3,215,0.0,0.0,0.0,0.1702720191627078,0.8297279808372928
R3,216,0.0,0.0,0.0,0.1702720191627078,0.8297279808372928
R3,217,0.0,0.0,0.0,0.1702720191627078,0.8297279808372928
R3,218,0.0,0.0,0.0,0.1702720191627078,0.8297279808372928
R3,219,0.0,0.0,0.0,0.1702720191627078,0.8297279808372928
R3,220,0.0,0.0,0.0,0.1702720191627078,0.8297279808372928
R3,221,0.0,0.0,0.0,0.1702720191627078,0.8297279808372928
R3,222,0.0,0.0,0.0,0.1702720191627078,0.8297279808372928
R3,223,0.0,0.0,0.0,0.1702720191627078,0.8297279808372928
R3,224,0.0,0.0,0.0,0.1702720191627078,0.8297279808372928
R3,225,0.0,0.0,0.0,0.1702720191627078,0.8297279808372928
R3,226,0.0,0.0,0.0,0.1702720191627078,0.8297279808372928
R3,227,0.0,0.0,0.0,0.1702720191627078,0.8297279808372928
R3,228,0.0,0.0,0.0,0.1702720191627078,0.8297279808372928
R3,229,0.0,0.0,0.0,0.1702720191627078,0.8297279808372928
R3,230,0.0,0.0,0.0,0.1702720191627078,0.8297279808372928
R3,231,0.0,0.0,0.0,0.1702720191627078,0.8297279808372928
R3,232,0.0,0.0,0.0,0.1702720191627078,0.8297279808372928
R3,233,0.0,0.0,0.0,0.1702720191627078,0.8297279808372928
R3,234,0.0,0.0,0.0,0.1702720191627078,0.8297279808372928
R3,235,0.0,0.0,0.0,0.1702720191627078,0.8297279808372928
R3,236,0.0,0.0,0.0,0.1702720191627078,0.8297279808372928
R3,237,0.0,0.0,0.0,0.1702720191627078,0.8297279808372928
R3,238,0.0,0.0,0.0,0.1702720191627078,0.8297279808372928
R3,239,0.0,0.0,0.0,0.1702720191627078,0.8297279808372928
R3,240,0.0,0.0,0.0,0.1702720191627078,0.8297279808372928
R3,241,0.0,0.0,0.0,0.1702720191627078,0.8297279808372928
R3,242,0.0,0.0,0.0,0.1702720191627078,0.8297279808372928
R3,243,0.0,0.0,0.0,0.1702720191627078,0.8297279808372928
R3,244,0.0,0.0,0.0,0.1702720191627078,0.8297279808372928
R3,245,0.0,0.0,0.0,0.1702720191627078,0.8297279808372928
R3,246,0.0,0.0,0.0,0.1702720191627078,0.8297279808372928
R3,247,0.0,0.0,0.0,0.1702720191627078,0.8297279808372928
R3,248,0.0,0.0,0.0,0.1702720191627078,0.8297279808372928
R3,249,0.0,0.0,0.0,0.1702720191627078,0.8297279808372928
R3,250,0.0,0.0,0.0,0.1702720191627078,0.8297279808372928
R3,251,0.0,0.0,0.0,0.1702720191627078,0.8297279808372928
R3,252,0.0,0.0,0.0,0.1702720191627078,0.8297279808372928
R3,253,0.0,0.0,0.0,0.1702720191627078,0.8297279808372928
R3,254,0.0,0.0,0.0,0.1702720191627078,0.8297279808372928
R3,255,0.0,0.0,0.0,0.1702720191627078,0.8297279808372928
R3,256,0.0,0.0,0.0,0.1702720191627078,0.8297279808372928
R3,257,0.0,0.0,0.0,0.1702720191627078,0.8297279808372928
R3,258,0.0,0.0,0.0,0.1702720191627078,0.8297279808372928
R3,259,0.0,0.0,0.0,0.1702720191627078,0.8297279808372928
R3,260,0.0,0.0,0.0,0.1702720191627078,0.8297279808372928
R3,261,0.0,0.0,0.0,0.1702720191627078,0.8297279808372928
R3,262,0.0,0.0,0.0,0.1702720191627078,0.8297279808372928
R3,263,0.0,0.0,0.0,0.1702720191627078,0.8297279808372928
R3,264,0.0,0.0,0.0,0.1702720191627078,0.8297279808372928
R3,265,0.0,0.0,0.0,0.1702720191627078,0.8297279808372928
R3,266,0.0,0.0,0.0,0.1702720191627078,0.8297279808372928
R3,267,0.0,0.0,0.0,0.1702720191627078,0.8297279808372928
R3,268,0.0,0.0,0.0,0.1702720191627078,0.8297279808372928
R3,269,0.0,0.0,0.0,0.1702720191627078,0.8297279808372928
R3,270,0.0,0.0,0.0,0.1702720191627078,0.8297279808372928
R3,271,0.0,0.0,0.0,0.1702720191627078,0.8297279808372928
R3,272,0.0,0.0,0.0,0.1702720191627078,0.8297279808372928
R3,273,0.0,0.0,0.0,0.1702720191627078,0.8297279808372928
R3,274,0.0,0.0,0.0,0.1702720191627078,0.8297279808372928
R3,275,0.0,0.0,0.0,0.1702720191627078,0.8297279808372928
R3,276,0.0,0.0,0.0,0.1702720191627078,0.8297279808372928
R3,277,0.0,0.0,0.0,0.1702720191627078,0.8297279808372928
R3,278,0.0,0.0,0.0,0.1702720191627078,0.8297279808372928
R3,279,0.0,0.0,0.0,0.1702720191627078,0.8297279808372928
R3,280,0.0,0.0,0.0,0.1702720191627078,0.8297279808372928
R3,281,0.0,0.0,0.0,0.1702720191627078,0.8297279808372928
R3,282,0.0,0.0,0.0,0.1702720191627078,0.8297279808372928
R3,283,0.0,0.0,0.0,0.1702720191627078,0.8297279808372928
R3,284,0.0,0.0,0.0,0.1702720191627078,0.8297279808372928
R3,285,0.0,0.0,0.0,0.1702720191627078,0.8297279808372928
R3,286,0.0,0.0,0.0,0.1702720191627078,0.8297279808372928
R3,287,0.0,0.0,0.0,0.1702720191627078,0.8297279808372928
R3,288,0.0,0.0,0.0,0.1702720191627078,0.8297279808372928
R3,289,0.0,0.0,0.0,0.1702720191627078,0.8297279808372928
R3,290,0.0,0.0,0.0,0.1702720191627078,0.8297279808372928
R3,291,0.0,0.0,0.0,0.1702720191627078,0.8297279808372928
R3,292,0.0,0.0,0.0,0.1702720191627078,0.8297279808372928
R3,293,0.0,0.0,0.0,0.1702720191627078,0.8297279808372928
R3,294,0.0,0.0,0.0,0.1702720191627078,0.8297279808372928
R3,295,0.0,0.0,0.0,0.1702720191627078,0.8297279808372928
R3,296,0.0,0.0,0.0,0.1702720191627078,0.8297279808372928
R3,297,0.0,0.0,0.0,0.1702720191627078,0.8297279808372928
R3,298,0.0,0.0,0.0,0.1702720191627078,0.8297279808372928
R3,299,0.0,0.0,0.0,0.1702720191627078,0.8297279808372928
R3,300,0.0,0.0,0.0,0.1702720191627078,0.8297279808372928
R3,301,0.0,0.0,0.0,0.1702720191627078,0.8297279808372928
R3,302,0.0,0.0,0.0,0.1702720191627078,0.8297279808372928
R3,303,0.0,0.0,0.0,0.1702720191627078,0.8297279808372928
R3,304,0.0,0.0,0.0,0.1702720191627078,0.8297279808372928
R3,305,0.0,0.0,0.0,0.1702720191627078,0.8297279808372928
R3,306,0.0,0.0,0.0,0.1702720191627078,0.8297279808372928
R3,307,0.0,0.0,0.0,0.1702720191627078,0.8297279808372928
R3,308,0.0,0.0,0.0,0.1702720191627078,0.8297279808372928
R3,309,0.0,0.0,0.0,0.1702720191627078,0.8297279808372928
R3,310,0.0,0.0,0.0,0.1702720191627078,0.8297279808372928
R3,311,0.0,0.0,0.0,0.1702720191627078,0.8297279808372928
R3,312,0.0,0.0,0.0,0.1702720191627078,0.8297279808372928
R3,313,0.0,0.0,0.0,0.1702720191627078,0.8297279808372928
R3,314,0.0,0.0,0.0,0.1702720191627078,0.8297279808372928
R3,315,0.0,0.0,0.0,0.1702720191627078,0.8297279808372928
R3,316,0.0,0.0,0.0,0.1702720191627078,0.8297279808372928
R3,317,0.0,0.0,0.0,0.1702720191627078,0.8297279808372928
R3,318,0.0,0.0,0.0,0.1702720191627078,0.8297279808372928
R3,319,0.0,0.0,0.0,0.1702720191627078,0.8297279808372928
R3,320,0.0,0.0,0.0,0.1702720191627078,0.8297279808372928
R3,321,0.0,0.0,0.0,0.1702720191627078,0.8297279808372928
R3,322,0.0,0.0,0.0,0.1702720191627078,0.8297279808372928
R3,323,0.0,0.0,0.0,0.1702720191627078,0.8297279808372928
R3,324,0.0,0.0,0.0,0.1702720191627078,0.8297279808372928
R3,325,0.0,0.0,0.0,0.1702720191627078,0.8297279808372928
R3,326,0.0,0.0,0.0,0.1702720191627078,0.8297279808372928
R3,327,0.0,0.0,0.0,0.1702720191627078,0.8297279808372928
R3,328,0.0,0.0,0.0,0.1702720191627078,0.8297279808372928
R3,329,0.0,0.0,0.0,0.1702720191627078,0.8297279808372928
R3,330,0.0,0.0,0.0,0.1702720191627078,0.8297279808372928
R3,331,0.0,0.0,0.0,0.1702720191627078,0.8297279808372928
R3,332,0.0,0.0,0.0,0.1702720191627078,0.8297279808372928
R3,333,0.0,0.0,0.0,0.1702720191627078,0.8297279808372928
R3,334,0.0,0.0,0.0,0.1702720191627078,0.8297279808372928
R3,335,0.0,0.0,0.0,0.1702720191627078,0.8297279808372928
R3,336,0.0,0.0,0.0,0.1702720191627078,0.8297279808372928
R3,337,0.0,0.0,0.0,0.1702720191627078,0.8297279808372928
R3,338,0.0,0.0,0.0,0.1702720191627078,0.8297279808372928
R3,339,0.0,0.0,0.0,0.1702720191627078,0.8297279808372928
R3,340,0.0,0.0,0.0,0.1702720191627078,0.8297279808372928
R3,341,0.0,0.0,0.0,0.1702720191627078,0.8297279808372928
R3,342,0.0,0.0,0.0,0.1702720191627078,0.8297279808372928
R3,343,0.0,0.0,0.0,0.1702720191627078,0.8297279808372928
R3,344,0.0,0.0,0.0,0.1702720191627078,0.8297279808372928
R3,345,0.0,0.0,0.0,0.1702720191627078,0.8297279808372928
R3,346,0.0,0.0,0.0,0.1702720191627078,0.8297279808372928
R3,347,0.0,0.0,0.0,0.1702720191627078,0.8297279808372928
R3,348,0.0,0.0,0.0,0.1702720191627078,0.8297279808372928
R3,349,0.0,0.0,0.0,0.1702720191627078,0.8297279808372928
R3,350,0.0,0.0,0.0,0.1702720191627078,0.8297279808372928
R3,351,0.0,0.0,0.0,0.1702720191627078,0.8297279808372928
R3,352,0.0,0.0,0.0,0.1702720191627078,0.8297279808372928
R3,353,0.0,0.0,0.0,0.1702720191627078,0.8297279808372928
R3,354,0.0,0.0,0.0,0.1702720191627078,0.8297279808372928
R3,355,0.0,0.0,0.0,0.1702720191627078,0.8297279808372928
R3,356,0.0,0.0,0.0,0.1702720191627078,0.8297279808372928
R3,357,0.0,0.0,0.0,0.1702720191627078,0.8297279808372928
R3,358,0.0,0.0,0.0,0.1702720191627078,0.8297279808372928
R3,359,0.0,0.0,0.0,0.1702720191627078,0.8297279808372928
R3,360,0.0,0.0,0.0,0.1702720191627078,0.8297279808372928
R4,1,9.47501887181722e-06,9.47501887181722e-06,9.47501887181722e-06,9.47501887181722e-06,0.9999905249811282
R4,2,1.7193411960282083e-05,1.7193411960282083e-05,1.7193249052379288e-05,2.666826792419651e-05,0.9999733317320758
R4,3,0.0015852863529682328,0.0015852863529682328,0.0015852440761270352,0.0016119123440512318,0.9983880876559488
R4,4,0.0012763696804380833,0.0012763696804380833,0.0012743122843946126,0.0028862246284458446,0.9971137753715542
R4,5,0.0011483760435714065,0.0011483760435714065,0.0011450615723517335,0.0040312862007975785,0.9959687137992025
R4,6,0.001904401896173358,0.001904401896173358,0.0018967247070885416,0.00592801090788612,0.9940719890921139
R4,7,0.0015571996849006995,0.0015571996849006995,0.0015479685881828514,0.007475979496068971,0.9925240205039311
R4,8,0.0013370396781839248,0.0013370396781839248,0.0013270439969643912,0.008803023493033362,0.9911969765069667
R4,9,0.0021514062103255246,0.0021514062103255246,0.0021324673309129714,0.010935490823946334,0.9890645091760537
R4,10,0.0016917536728136002,0.0016917536728136002,0.0016732535160481697,0.012608744339994503,0.9873912556600055
R4,11,0.001439777050770335,0.001439777050770335,0.0014216232700305805,0.014030367610025083,0.9859696323899749
R4,12,0.002293088503097403,0.002293088503097403,0.0022609156284366244,0.016291283238461705,0.9837087167615383
R4,13,0.0018120514138689296,0.0018120514138689296,0.001782530771042936,0.01807381400950464,0.9819261859904953
R4,14,0.0015549611405913314,0.0015549611405913314,0.0015268570621442764,0.019600671071648916,0.980399328928351
R4,15,0.002398561595893963,0.002398561595893963,0.0023515481790077563,0.02195221925065667,0.9780477807493433
R4,16,0.0018578320844568911,0.0018578320844568911,0.001817048547207989,0.02376926779786466,0.9762307322021353
R4,17,0.0015468397685337138,0.0015468397685337138,0.001510072519835049,0.025279340317699708,0.9747206596823003
R4,18,0.0024544795597122304,0.0024544795597122304,0.002392431935619427,0.027671772253319134,0.9723282277466808
R4,19,0.0018740070372705979,0.0018740070372705979,0.0018221499413341284,0.02949392219465326,0.9705060778053467
R4,20,0.001527692159097914,0.001527692159097914,0.0014826345254200983,0.03097655672007336,0.9690234432799266
R4,21,0.0025220820821848784,0.0025220820821848784,0.0024439566635133976,0.03342051338358676,0.9665794866164132
R4,22,0.0019078361422090147,0.0019078361422090147,0.0018440752788846278,0.03526458866247138,0.9647354113375286
R4,23,0.0015349638233192364,0.0015349638233192364,0.0014808339554781092,0.03674542261794949,0.9632545773820504
R4,24,0.0026172144390269893,0.0026172144390269893,0.0025210437883831428,0.039266466406332634,0.9607335335936673
R4,25,0.001903899304245809,0.001903899304245809,0.0018291399061746009,0.041095606312507235,0.9589043936874927
R4,26,0.0015511631193331989,0.0015511631193331989,0.0014874171304546009,0.04258302344296184,0.9574169765570381
R4,27,0.0025580583198529616,0.0025580583198529616,0.0024491284624501993,0.045032151905412036,0.9549678480945879
R4,28,0.0018855093887332093,0.0018855093887332093,0.0018006008435206948,0.046832752748932734,0.9531672472510672
R4,29,0.0016060556345554743,0.0016060556345554743,0.0015308396281213073,0.04836359237705404,0.9516364076229459
R4,30,0.002566311970249842,0.002566311970249842,0.0024421959042083244,0.050805788281262365,0.9491942117187375
R4,31,0.0018287798222637066,0.0018287798222637066,0.001735867221800732,0.0525416555030631,0.9474583444969368
R4,32,0.0015617545639059437,0.0015617545639059437,0.001479697393628861,0.05402135289669196,0.9459786471033079
R4,33,0.0025293394829654756,0.0025293394829654756,0.002392701142160661,0.05641405403885262,0.9435859459611473
R4,34,0.0018358979029472464,0.0018358979029472464,0.0017323274594405642,0.05814638149829318,0.9418536185017068
R4,35,0.0015487311615824857,0.0015487311615824857,0.0014586780486228158,0.059605059546916,0.940394940453084
R4,36,0.0025583495477697594,0.0025583495477697594,0.002405858970633117,0.06201091851754912,0.9379890814824509
R4,37,0.0017937211861704955,0.0017937211861704955,0.0016824908878516755,0.06369340940540079,0.9363065905945992
R4,38,0.0015237700775345517,0.0015237700775345517,0.0014267159661464442,0.06512012537154724,0.9348798746284528
R4,39,0.0025154116761039545,0.0025154116761039545,0.0023516077523950112,0.06747173312394225,0.9325282668760578
R4,40,0.0017974580669361862,0.0017974580669361862,0.0016761804559423908,0.06914791357988465,0.9308520864201154
R4,41,0.001448087271257737,0.001448087271257737,0.0013479550577686762,0.07049586863765332,0.9295041313623468
R4,42,0.0024805900325690516,0.0024805900325690516,0.002305718683489192,0.07280158732114252,0.9271984126788576
R4,43,0.0017897318357750055,0.0017897318357750055,0.001659436517251403,0.07446102383839392,0.9255389761616062
R4,44,0.0014434542195797427,0.0014434542195797427,0.0013359731405259852,0.07579699697891991,0.9242030030210802
R4,45,0.0024926129628543145,0.0024926129628543145,0.0023036803856392295,0.07810067736455914,0.9218993226354409
R4,46,0.001822899605812394,0.001822899605812394,0.0016805299118308583,0.07978120727639,0.9202187927236101
R4,47,0.0014451562015191204,0.0014451562015191204,0.001329859895058963,0.08111106717144896,0.9188889328285511
R4,48,0.0024918531330119596,0.0024918531330119596,0.002289736266158841,0.0834008034376078,0.9165991965623923
R4,49,0.001803021409897736,0.001803021409897736,0.0016526479756970565,0.08505345141330486,0.9149465485866952
R4,50,0.0014261071072310875,0.0014261071072310875,0.0013048117756760396,0.0863582631889809,0.9136417368110192
R4,51,0.00248074251812423,0.00248074251812423,0.002266509902839963,0.08862477309182087,0.9113752269081793
R4,52,0.0018072609846830903,0.0018072609846830903,0.001647092889997851,0.09027186598181873,0.9097281340181814
R4,53,0.0014329774113381092,0.0014329774113381092,0.001303619866506822,0.09157548584832555,0.9084245141516746
R4,54,0.00243799937131382,0.00243799937131382,0.0022147383943878452,0.0937902242427134,0.9062097757572868
R4,55,0.001825370803867286,0.001825370803867286,0.0016541688668464717,0.09544439310955986,0.9045556068904403
R4,56,0.0014365110726575557,0.0014365110726575557,0.0012994041451325927,0.09674379725469245,0.9032562027453077
R4,57,0.0024327420127286115,0.0024327420127286115,0.0021973893126762227,0.09894118656736868,0.9010588134326315
R4,58,0.0017222412275693722,0.0017222412275693722,0.0015518406369584173,0.1004930272043271,0.899506972795673
R4,59,0.0014289297020281862,0.0014289297020281862,0.0012853322306091968,0.1017783594349363,0.8982216405650638
R4,60,0.002374954209456478,0.002374954209456478,0.002133235266284902,0.1039115947012212,0.8960884052987789
R4,61,0.0017096675407993265,0.0017096675407993265,0.0015320132602259535,0.10544360796144715,0.8945563920385529
R4,62,0.0014564598529448972,0.0014564598529448972,0.0013028854711993885,0.10674649343264654,0.8932535065673535
R4,63,0.002339089902869076,0.002339089902869076,0.0020894002579140924,0.10883589369056064,0.8911641063094394
R4,64,0.0016378133293259674,0.0016378133293259674,0.0014595604519304635,0.1102954541424911,0.889704545857509
R4,65,0.0014264382576778766,0.0014264382576778766,0.0012691086022410716,0.11156456274473217,0.888435437255268
R4,66,0.002274900720673889,0.002274900720673889,0.0020211024164842307,0.1135856651612164,0.8864143348387837
R4,67,0.0015909751904196164,0.0015909751904196164,0.0014102632151608116,0.11499592837637722,0.8850040716236229
R4,68,0.0014120264379091948,0.0014120264379091948,0.0012496491467898381,0.11624557752316705,0.8837544224768331
R4,69,0.002219650194857051,0.002219650194857051,0.001961625676056483,0.11820720319922354,0.8817927968007766
R4,70,0.0015290285743244597,0.0015290285743244597,0.0013482863829418694,0.1195554895821654,0.8804445104178348
R4,71,0.0013661737281780138,0.0013661737281780138,0.0012028401592513996,0.1207583297414168,0.8792416702585834
R4,72,0.0021633160335303896,0.0021633160335303896,0.0019020776026184333,0.12266040734403523,0.877339592655965
R4,73,0.0014415987279351161,0.0014415987279351161,0.001264771640739952,0.12392517898477518,0.876074821015225
R4,74,0.0013104852160660987,0.0013104852160660987,0.001148083101108206,0.12507326208588337,0.8749267379141168
R4,75,0.0020347858732626322,0.0020347858732626322,0.0017802885664474023,0.12685355065233078,0.8731464493476694
R4,76,0.0014123862734876245,0.0014123862734876245,0.0012332200598031058,0.1280867707121339,0.8719132292878663
R4,77,0.001285651059794967,0.001285651059794967,0.0011209761672831974,0.1292077468794171,0.8707922531205831
R4,78,0.0018922794387695495,0.0018922794387695495,0.0016477822760198883,0.130855529155437,0.8691444708445631
R4,79,0.0014196653323546055,0.0014196653323546055,0.0012338942740657145,0.13208942342950272,0.8679105765704974
R4,80,0.0012331594900938528,0.0012331594900938528,0.0010702721640507365,0.13315969559355345,0.8668403044064467
R4,81,0.0018522025942975119,0.0018522025942975119,0.0016055638606632654,0.13476525945421672,0.8652347405457834
R4,82,0.0014024298778057389,0.0014024298778057389,0.0012134310514569032,0.13597869050567363,0.8640213094943265
R4,83,0.0011321295538050454,0.0011321295538050454,0.000978184059595863,0.1369568745652695,0.8630431254347307
R4,84,0.0017467351931489935,0.0017467351931489935,0.0015075078004021453,0.13846438236567166,0.8615356176343286
R4,85,0.0014027294447467415,0.0014027294447467415,0.0012085013785537429,0.1396728837442254,0.8603271162557748
R4,86,0.0010666582672132028,0.0010666582672132028,0.0009176750310619165,0.1405905587752873,0.859409441224713
R4,87,0.0016116295447039053,0.0016116295447039053,0.0013850496464752218,0.14197560842176254,0.8580243915782377
R4,88,0.0013458202089498732,0.0013458202089498732,0.0011547465659579117,0.14313035498772045,0.8568696450122798
R4,89,0.0010020147248628673,0.0010020147248628673,0.0008585960015903223,0.14398895098931078,0.8560110490106895
R4,90,0.0014725957517036962,0.0014725957517036962,0.0012605582341845658,0.14524950922349533,0.8547504907765049
R4,91,0.001276637222239963,0.001276637222239963,0.0010912062922531622,0.14634071551574848,0.8536592844842518
R4,92,0.0009050273753257975,0.0009050273753257975,0.0007725850216592807,0.14711330053740776,0.8528866994625924
R4,93,0.0012683800605017945,0.0012683800605017945,0.0010817844834655388,0.1481950850208733,0.8518049149791269
R4,94,0.001114641805886741,0.001114641805886741,0.0009494573686955359,0.14914454238956884,0.8508554576104314
R4,95,0.0008111792919144199,0.0008111792919144199,0.0006901963276259494,0.1498347387171948,0.8501652612828055
R4,96,0.0011579438946978434,0.0011579438946978434,0.0009844436737866213,0.1508191823909814,0.8491808176090189
R4,97,0.0010595480177453612,0.0010595480177453612,0.000899747852005021,0.15171893024298644,0.8482810697570139
R4,98,0.0007608735844881117,0.0007608735844881117,0.0006454346581994291,0.15236436490118588,0.8476356350988145
R4,99,0.0009081986497178635,0.0009081986497178635,0.0007698215392494869,0.15313418644043536,0.8468658135595649
R4,100,0.0009737239904511031,0.0009737239904511031,0.0008246135593558394,0.1539587999997912,0.8460412000002091
R4,101,0.0007652920301281011,0.0007652920301281011,0.0006474685875201748,0.15460626858731139,0.8453937314126889
R4,102,0.0008059252759630584,0.0008059252759630584,0.000681324176286211,0.1552875927635976,0.8447124072364027
R4,103,0.0009568845910433983,0.0009568845910433983,0.0008082922863476898,0.1560958850499453,0.843904114950055
R4,104,0.0008203788260403449,0.0008203788260403449,0.0006923210671133424,0.15678820611705863,0.8432117938829417
R4,105,0.0007086085967631851,0.0007086085967631851,0.0005975071260375593,0.1573857132430962,0.8426142867569041
R4,106,0.0009234616447364724,0.0009234616447364724,0.0007781219751269802,0.15816383521822316,0.8418361647817771
R4,107,0.0007835150785108658,0.0007835150785108658,0.0006595913287422803,0.15882342654696543,0.8411765734530349
R4,108,0.0006708004552733453,0.0006708004552733453,0.0005642616284375684,0.159387688175403,0.8406123118245973
R4,109,0.0009017375104854651,0.0009017375104854651,0.0007580116533481439,0.16014569982875115,0.8398543001712492
R4,110,0.0008018009861716302,0.0008018009861716302,0.000673396006117792,0.16081909583486895,0.8391809041651314
R4,111,0.0006675010327119787,0.0006675010327119787,0.0005601541201623972,0.16137924995503133,0.8386207500449689
R4,112,0.0008028846702661984,0.0008028846702661984,0.0006733157443782468,0.16205256569940957,0.8379474343005907
R4,113,0.0008449927767868886,0.0008449927767868886,0.0007080595293111051,0.16276062522872067,0.8372393747712796
R4,114,0.0006613536602736411,0.0006613536602736411,0.0005537113250302006,0.16331433655375088,0.8366856634462494
R4,115,0.0008353832225792852,0.0008353832225792852,0.000698953165815615,0.1640132897195665,0.8359867102804338
R4,116,0.0008159633578748614,0.0008159633578748614,0.0006821345232591817,0.16469542424282568,0.8353045757571746
R4,117,0.0007042354247670595,0.0007042354247670595,0.0005882510727182223,0.16528367531554392,0.8347163246844564
R4,118,0.0008148245609680279,0.0008148245609680279,0.0006801473627938581,0.16596382267833779,0.8340361773216626
R4,119,0.0007193474055980277,0.0007193474055980277,0.0005999617603312345,0.166563784438669,0.8334362155613313
R4,120,0.0007251447818736438,0.0007251447818736438,0.0006043619227388168,0.16716814636140784,0.8328318536385925
R4,121,0.000848268814157266,0.000848268814157266,0.0007064652888784065,0.16787461165028625,0.8321253883497141
R4,122,0.0007405103158300636,0.0007405103158300636,0.0006161974341370611,0.16849080908442332,0.831509190915577
R4,123,0.0006642147954140277,0.0006642147954140277,0.0005523007071288736,0.16904310979155218,0.8309568902084481
R4,124,0.0007563225902558792,0.0007563225902558792,0.0006284714675934237,0.1696715812591456,0.8303284187408547
R4,125,0.0006518224168291516,0.0006518224168291516,0.0005412266766655917,0.1702128079358112,0.8297871920641892
R4,126,0.0006939298210532054,0.0006939298210532054,0.0005758140777013445,0.17078862201351255,0.8292113779864878
R4,127,0.0008188365095406017,0.0008188365095406017,0.0006789885504218082,0.17146761056393436,0.828532389436066
R4,128,0.0006371834101452965,0.0006371834101452965,0.0005279270933167033,0.17199553765725106,0.8280044623427493
R4,129,0.0006632767114774983,0.0006632767114774983,0.0005491960768713928,0.17254473373412246,0.8274552662658778
R4,130,0.0009637455701450707,0.0009637455701450707,0.0007974563473569497,0.1733421900814794,0.8266578099185209
R4,131,0.0007796106825189715,0.0007796106825189715,0.0006444712594002162,0.17398666134087962,0.8260133386591206
R4,132,0.0006650697371321727,0.0006650697371321727,0.0005493564740096897,0.1745360178148893,0.825463982185111
R4,133,0.0009238215136067031,0.0009238215136067031,0.0007625813854500658,0.17529859920033938,0.8247014007996609
R4,134,0.000820154093832333,0.000820154093832333,0.0006763822300551016,0.17597498143039447,0.8240250185696059
R4,135,0.0007150013860880003,0.0007150013860880003,0.0005891790304484583,0.17656416046084292,0.8234358395391574
R4,136,0.001021097376652895,0.001021097376652895,0.0008408081755954079,0.17740496863643831,0.822595031363562
R4,137,0.000866211721134859,0.000866211721134859,0.0007125414579144144,0.17811751009435273,0.8218824899056476
R4,138,0.0007750690298304395,0.0007750690298304395,0.0006370156640857963,0.17875452575843853,0.8212454742415618
R4,139,0.0009123307047539675,0.0009123307047539675,0.0007492474622908103,0.17950377322072933,0.820496226779271
R4,140,0.0009595531898197146,0.0009595531898197146,0.0007873097716410894,0.18029108299237043,0.8197089170076299
R4,141,0.0007316079490007705,0.0007316079490007705,0.000599705559549595,0.18089078855192003,0.8191092114480804
R4,142,0.0009761464125074518,0.0009761464125074518,0.0007995705182068514,0.18169035907012687,0.8183096409298735
R4,143,0.0010338564243458734,0.0010338564243458734,0.0008460146793795145,0.18253637374950638,0.817463626250494
R4,144,0.0006071686971234512,0.0006071686971234512,0.0004963383248963243,0.1830327120744027,0.8169672879255976
R4,145,0.0008125680040599569,0.0008125680040599569,0.0006638414785319789,0.18369655355293468,0.8163034464470657
R4,146,0.0011858149371012814,0.0011858149371012814,0.0009679848200041864,0.18466453837293886,0.8153354616270615
R4,147,0.00039963252517491167,0.00039963252517491167,0.00032583456939467485,0.18499037294233353,0.8150096270576668
R4,148,0.0007531627162705507,0.0007531627162705507,0.0006138348645014009,0.18560420780683493,0.8143957921931654
R4,149,0.0011630256791902076,0.0011630256791902076,0.0009471632193451033,0.18655137102618002,0.8134486289738203
R4,150,0.00036516907300449534,0.00036516907300449534,0.0002970462817791476,0.18684841730795917,0.8131515826920411
R4,151,0.0004980951964951552,0.0004980951964951552,0.0004050268973613386,0.1872534442053205,0.8127465557946798
R4,152,0.001400063362072923,0.001400063362072923,0.001137896675419088,0.18839134088073958,0.8116086591192607
R4,153,0.0002835748565701958,0.0002835748565701958,0.00023015180910087327,0.18862149268984046,0.8113785073101598
R4,154,0.0005793068792052976,0.0005793068792052976,0.0004700371509241014,0.18909152984076458,0.8109084701592357
R4,155,0.0014255513159928145,0.0014255513159928145,0.0011559916367852184,0.1902475214775498,0.8097524785224505
R4,156,0.00025460934520374443,0.00025460934520374443,0.00020617054833371024,0.19045369202588353,0.8095463079741168
R4,157,0.00040391612875333876,0.00040391612875333876,0.00032698881076346337,0.19078068083664698,0.8092193191633533
R4,158,0.0009558407862911267,0.0009558407862911267,0.0007734848303110699,0.19155416566695804,0.8084458343330423
R4,159,0.0004145917453823425,0.0004145917453823425,0.0003351749695032201,0.19188934063646126,0.8081106593635391
R4,160,0.00024854958966127134,0.00024854958966127134,0.00020085557278570708,0.19209019620924697,0.8079098037907534
R4,161,0.001262254621844247,0.001262254621844247,0.0010197878838681573,0.19310998409311514,0.8068900159068852
R4,162,0.0007663362499085761,0.0007663362499085761,0.0006183490688787537,0.1937283331619939,0.8062716668380066
R4,163,0.0005647046677104085,0.0005647046677104085,0.0004553053737060737,0.19418363853569998,0.8058163614643005
R4,164,0.0017170074356059719,0.0017170074356059719,0.0013835926843671533,0.19556723122006714,0.8044327687799333
R4,165,0.0017373548345693973,0.0017373548345693973,0.0013975851599258632,0.196964816379993,0.8030351836200075
R4,166,0.0021571910056849223,0.0021571910056849223,0.00173230027535362,0.19869711665534662,0.8013028833446538
R4,167,0.002202054596791021,0.002202054596791021,0.0017645126976909942,0.2004616293530376,0.7995383706469629
R4,168,0.0022174267056691436,0.0022174267056691436,0.0017729177352797695,0.20223454708831737,0.7977654529116831
R4,169,0.0,0.0,0.0,0.20223454708831737,0.7977654529116831
R4,170,0.0,0.0,0.0,0.20223454708831737,0.7977654529116831
R4,171,0.0,0.0,0.0,0.20223454708831737,0.7977654529116831
R4,172,0.0,0.0,0.0,0.20223454708831737,0.7977654529116831
R4,173,0.0,0.0,0.0,0.20223454708831737,0.7977654529116831
R4,174,0.0,0.0,0.0,0.20223454708831737,0.7977654529116831
R4,175,0.0,0.0,0.0,0.20223454708831737,0.7977654529116831
R4,176,0.0,0.0,0.0,0.20223454708831737,0.7977654529116831
R4,177,0.0,0.0,0.0,0.20223454708831737,0.7977654529116831
R4,178,0.0,0.0,0.0,0.20223454708831737,0.7977654529116831
R4,179,0.0,0.0,0.0,0.20223454708831737,0.7977654529116831
R4,180,0.0,0.0,0.0,0.20223454708831737,0.7977654529116831
R4,181,0.0,0.0,0.0,0.20223454708831737,0.7977654529116831
R4,182,0.0,0.0,0.0,0.20223454708831737,0.7977654529116831
R4,183,0.0,0.0,0.0,0.20223454708831737,0.7977654529116831
R4,184,0.0,0.0,0.0,0.20223454708831737,0.7977654529116831
R4,185,0.0,0.0,0.0,0.20223454708831737,0.7977654529116831
R4,186,0.0,0.0,0.0,0.20223454708831737,0.7977654529116831
R4,187,0.0,0.0,0.0,0.20223454708831737,0.7977654529116831
R4,188,0.0,0.0,0.0,0.20223454708831737,0.7977654529116831
R4,189,0.0,0.0,0.0,0.20223454708831737,0.7977654529116831
R4,190,0.0,0.0,0.0,0.20223454708831737,0.7977654529116831
R4,191,0.0,0.0,0.0,0.20223454708831737,0.7977654529116831
R4,192,0.0,0.0,0.0,0.20223454708831737,0.7977654529116831
R4,193,0.0,0.0,0.0,0.20223454708831737,0.7977654529116831
R4,194,0.0,0.0,0.0,0.20223454708831737,0.7977654529116831
R4,195,0.0,0.0,0.0,0.20223454708831737,0.7977654529116831
R4,196,0.0,0.0,0.0,0.20223454708831737,0.7977654529116831
R4,197,0.0,0.0,0.0,0.20223454708831737,0.7977654529116831
R4,198,0.0,0.0,0.0,0.20223454708831737,0.7977654529116831
R4,199,0.0,0.0,0.0,0.20223454708831737,0.7977654529116831
R4,200,0.0,0.0,0.0,0.20223454708831737,0.7977654529116831
R4,201,0.0,0.0,0.0,0.20223454708831737,0.7977654529116831
R4,202,0.0,0.0,0.0,0.20223454708831737,0.7977654529116831
R4,203,0.0,0.0,0.0,0.20223454708831737,0.7977654529116831
R4,204,0.0,0.0,0.0,0.20223454708831737,0.7977654529116831
R4,205,0.0,0.0,0.0,0.20223454708831737,0.7977654529116831
R4,206,0.0,0.0,0.0,0.20223454708831737,0.7977654529116831
R4,207,0.0,0.0,0.0,0.20223454708831737,0.7977654529116831
R4,208,0.0,0.0,0.0,0.20223454708831737,0.7977654529116831
R4,209,0.0,0.0,0.0,0.20223454708831737,0.7977654529116831
R4,210,0.0,0.0,0.0,0.20223454708831737,0.7977654529116831
R4,211,0.0,0.0,0.0,0.20223454708831737,0.7977654529116831
R4,212,0.0,0.0,0.0,0.20223454708831737,0.7977654529116831
R4,213,0.0,0.0,0.0,0.20223454708831737,0.7977654529116831
R4,214,0.0,0.0,0.0,0.20223454708831737,0.7977654529116831
R4,215,0.0,0.0,0.0,0.20223454708831737,0.7977654529116831
R4,216,0.0,0.0,0.0,0.20223454708831737,0.7977654529116831
R4,217,0.0,0.0,0.0,0.20223454708831737,0.7977654529116831
R4,218,0.0,0.0,0.0,0.20223454708831737,0.7977654529116831
R4,219,0.0,0.0,0.0,0.20223454708831737,0.7977654529116831
R4,220,0.0,0.0,0.0,0.20223454708831737,0.7977654529116831
R4,221,0.0,0.0,0.0,0.20223454708831737,0.7977654529116831
R4,222,0.0,0.0,0.0,0.20223454708831737,0.7977654529116831
R4,223,0.0,0.0,0.0,0.20223454708831737,0.7977654529116831
R4,224,0.0,0.0,0.0,0.20223454708831737,0.7977654529116831
R4,225,0.0,0.0,0.0,0.20223454708831737,0.7977654529116831
R4,226,0.0,0.0,0.0,0.20223454708831737,0.7977654529116831
R4,227,0.0,0.0,0.0,0.20223454708831737,0.7977654529116831
R4,228,0.0,0.0,0.0,0.20223454708831737,0.7977654529116831
R4,229,0.0,0.0,0.0,0.20223454708831737,0.7977654529116831
R4,230,0.0,0.0,0.0,0.20223454708831737,0.7977654529116831
R4,231,0.0,0.0,0.0,0.20223454708831737,0.7977654529116831
R4,232,0.0,0.0,0.0,0.20223454708831737,0.7977654529116831
R4,233,0.0,0.0,0.0,0.20223454708831737,0.7977654529116831
R4,234,0.0,0.0,0.0,0.20223454708831737,0.7977654529116831
R4,235,0.0,0.0,0.0,0.20223454708831737,0.7977654529116831
R4,236,0.0,0.0,0.0,0.20223454708831737,0.7977654529116831
R4,237,0.0,0.0,0.0,0.20223454708831737,0.7977654529116831
R4,238,0.0,0.0,0.0,0.20223454708831737,0.7977654529116831
R4,239,0.0,0.0,0.0,0.20223454708831737,0.7977654529116831
R4,240,0.0,0.0,0.0,0.20223454708831737,0.7977654529116831
R4,241,0.0,0.0,0.0,0.20223454708831737,0.7977654529116831
R4,242,0.0,0.0,0.0,0.20223454708831737,0.7977654529116831
R4,243,0.0,0.0,0.0,0.20223454708831737,0.7977654529116831
R4,244,0.0,0.0,0.0,0.20223454708831737,0.7977654529116831
R4,245,0.0,0.0,0.0,0.20223454708831737,0.7977654529116831
R4,246,0.0,0.0,0.0,0.20223454708831737,0.7977654529116831
R4,247,0.0,0.0,0.0,0.20223454708831737,0.7977654529116831
R4,248,0.0,0.0,0.0,0.20223454708831737,0.7977654529116831
R4,249,0.0,0.0,0.0,0.20223454708831737,0.7977654529116831
R4,250,0.0,0.0,0.0,0.20223454708831737,0.7977654529116831
R4,251,0.0,0.0,0.0,0.20223454708831737,0.7977654529116831
R4,252,0.0,0.0,0.0,0.20223454708831737,0.7977654529116831
R4,253,0.0,0.0,0.0,0.20223454708831737,0.7977654529116831
R4,254,0.0,0.0,0.0,0.20223454708831737,0.7977654529116831
R4,255,0.0,0.0,0.0,0.20223454708831737,0.7977654529116831
R4,256,0.0,0.0,0.0,0.20223454708831737,0.7977654529116831
R4,257,0.0,0.0,0.0,0.20223454708831737,0.7977654529116831
R4,258,0.0,0.0,0.0,0.20223454708831737,0.7977654529116831
R4,259,0.0,0.0,0.0,0.20223454708831737,0.7977654529116831
R4,260,0.0,0.0,0.0,0.20223454708831737,0.7977654529116831
R4,261,0.0,0.0,0.0,0.20223454708831737,0.7977654529116831
R4,262,0.0,0.0,0.0,0.20223454708831737,0.7977654529116831
R4,263,0.0,0.0,0.0,0.20223454708831737,0.7977654529116831
R4,264,0.0,0.0,0.0,0.20223454708831737,0.7977654529116831
R4,265,0.0,0.0,0.0,0.20223454708831737,0.7977654529116831
R4,266,0.0,0.0,0.0,0.20223454708831737,0.7977654529116831
R4,267,0.0,0.0,0.0,0.20223454708831737,0.7977654529116831
R4,268,0.0,0.0,0.0,0.20223454708831737,0.7977654529116831
R4,269,0.0,0.0,0.0,0.20223454708831737,0.7977654529116831
R4,270,0.0,0.0,0.0,0.20223454708831737,0.7977654529116831
R4,271,0.0,0.0,0.0,0.20223454708831737,0.7977654529116831
R4,272,0.0,0.0,0.0,0.20223454708831737,0.7977654529116831
R4,273,0.0,0.0,0.0,0.20223454708831737,0.7977654529116831
R4,274,0.0,0.0,0.0,0.20223454708831737,0.7977654529116831
R4,275,0.0,0.0,0.0,0.20223454708831737,0.7977654529116831
R4,276,0.0,0.0,0.0,0.20223454708831737,0.7977654529116831
R4,277,0.0,0.0,0.0,0.20223454708831737,0.7977654529116831
R4,278,0.0,0.0,0.0,0.20223454708831737,0.7977654529116831
R4,279,0.0,0.0,0.0,0.20223454708831737,0.7977654529116831
R4,280,0.0,0.0,0.0,0.20223454708831737,0.7977654529116831
R4,281,0.0,0.0,0.0,0.20223454708831737,0.7977654529116831
R4,282,0.0,0.0,0.0,0.20223454708831737,0.7977654529116831
R4,283,0.0,0.0,0.0,0.20223454708831737,0.7977654529116831
R4,284,0.0,0.0,0.0,0.20223454708831737,0.7977654529116831
R4,285,0.0,0.0,0.0,0.20223454708831737,0.7977654529116831
R4,286,0.0,0.0,0.0,0.20223454708831737,0.7977654529116831
R4,287,0.0,0.0,0.0,0.20223454708831737,0.7977654529116831
R4,288,0.0,0.0,0.0,0.20223454708831737,0.7977654529116831
R4,289,0.0,0.0,0.0,0.20223454708831737,0.7977654529116831
R4,290,0.0,0.0,0.0,0.20223454708831737,0.7977654529116831
R4,291,0.0,0.0,0.0,0.20223454708831737,0.7977654529116831
R4,292,0.0,0.0,0.0,0.20223454708831737,0.7977654529116831
R4,293,0.0,0.0,0.0,0.20223454708831737,0.7977654529116831
R4,294,0.0,0.0,0.0,0.20223454708831737,0.7977654529116831
R4,295,0.0,0.0,0.0,0.20223454708831737,0.7977654529116831
R4,296,0.0,0.0,0.0,0.20223454708831737,0.7977654529116831
R4,297,0.0,0.0,0.0,0.20223454708831737,0.7977654529116831
R4,298,0.0,0.0,0.0,0.20223454708831737,0.7977654529116831
R4,299,0.0,0.0,0.0,0.20223454708831737,0.7977654529116831
R4,300,0.0,0.0,0.0,0.20223454708831737,0.7977654529116831
R4,301,0.0,0.0,0.0,0.20223454708831737,0.7977654529116831
R4,302,0.0,0.0,0.0,0.20223454708831737,0.7977654529116831
R4,303,0.0,0.0,0.0,0.20223454708831737,0.7977654529116831
R4,304,0.0,0.0,0.0,0.20223454708831737,0.7977654529116831
R4,305,0.0,0.0,0.0,0.20223454708831737,0.7977654529116831
R4,306,0.0,0.0,0.0,0.20223454708831737,0.7977654529116831
R4,307,0.0,0.0,0.0,0.20223454708831737,0.7977654529116831
R4,308,0.0,0.0,0.0,0.20223454708831737,0.7977654529116831
R4,309,0.0,0.0,0.0,0.20223454708831737,0.7977654529116831
R4,310,0.0,0.0,0.0,0.20223454708831737,0.7977654529116831
R4,311,0.0,0.0,0.0,0.20223454708831737,0.7977654529116831
R4,312,0.0,0.0,0.0,0.20223454708831737,0.7977654529116831
R4,313,0.0,0.0,0.0,0.20223454708831737,0.7977654529116831
R4,314,0.0,0.0,0.0,0.20223454708831737,0.7977654529116831
R4,315,0.0,0.0,0.0,0.20223454708831737,0.7977654529116831
R4,316,0.0,0.0,0.0,0.20223454708831737,0.7977654529116831
R4,317,0.0,0.0,0.0,0.20223454708831737,0.7977654529116831
R4,318,0.0,0.0,0.0,0.20223454708831737,0.7977654529116831
R4,319,0.0,0.0,0.0,0.20223454708831737,0.7977654529116831
R4,320,0.0,0.0,0.0,0.20223454708831737,0.7977654529116831
R4,321,0.0,0.0,0.0,0.20223454708831737,0.7977654529116831
R4,322,0.0,0.0,0.0,0.20223454708831737,0.7977654529116831
R4,323,0.0,0.0,0.0,0.20223454708831737,0.7977654529116831
R4,324,0.0,0.0,0.0,0.20223454708831737,0.7977654529116831
R4,325,0.0,0.0,0.0,0.20223454708831737,0.7977654529116831
R4,326,0.0,0.0,0.0,0.20223454708831737,0.7977654529116831
R4,327,0.0,0.0,0.0,0.20223454708831737,0.7977654529116831
R4,328,0.0,0.0,0.0,0.20223454708831737,0.7977654529116831
R4,329,0.0,0.0,0.0,0.20223454708831737,0.7977654529116831
R4,330,0.0,0.0,0.0,0.20223454708831737,0.7977654529116831
R4,331,0.0,0.0,0.0,0.20223454708831737,0.7977654529116831
R4,332,0.0,0.0,0.0,0.20223454708831737,0.7977654529116831
R4,333,0.0,0.0,0.0,0.20223454708831737,0.7977654529116831
R4,334,0.0,0.0,0.0,0.20223454708831737,0.7977654529116831
R4,335,0.0,0.0,0.0,0.20223454708831737,0.7977654529116831
R4,336,0.0,0.0,0.0,0.20223454708831737,0.7977654529116831
R4,337,0.0,0.0,0.0,0.20223454708831737,0.7977654529116831
R4,338,0.0,0.0,0.0,0.20223454708831737,0.7977654529116831
R4,339,0.0,0.0,0.0,0.20223454708831737,0.7977654529116831
R4,340,0.0,0.0,0.0,0.20223454708831737,0.7977654529116831
R4,341,0.0,0.0,0.0,0.20223454708831737,0.7977654529116831
R4,342,0.0,0.0,0.0,0.20223454708831737,0.7977654529116831
R4,343,0.0,0.0,0.0,0.20223454708831737,0.7977654529116831
R4,344,0.0,0.0,0.0,0.20223454708831737,0.7977654529116831
R4,345,0.0,0.0,0.0,0.20223454708831737,0.7977654529116831
R4,346,0.0,0.0,0.0,0.20223454708831737,0.7977654529116831
R4,347,0.0,0.0,0.0,0.20223454708831737,0.7977654529116831
R4,348,0.0,0.0,0.0,0.20223454708831737,0.7977654529116831
R4,349,0.0,0.0,0.0,0.20223454708831737,0.7977654529116831
R4,350,0.0,0.0,0.0,0.20223454708831737,0.7977654529116831
R4,351,0.0,0.0,0.0,0.20223454708831737,0.7977654529116831
R4,352,0.0,0.0,0.0,0.20223454708831737,0.7977654529116831
R4,353,0.0,0.0,0.0,0.20223454708831737,0.7977654529116831
R4,354,0.0,0.0,0.0,0.20223454708831737,0.7977654529116831
R4,355,0.0,0.0,0.0,0.20223454708831737,0.7977654529116831
R4,356,0.0,0.0,0.0,0.20223454708831737,0.7977654529116831
R4,357,0.0,0.0,0.0,0.20223454708831737,0.7977654529116831
R4,358,0.0,0.0,0.0,0.20223454708831737,0.7977654529116831
R4,359,0.0,0.0,0.0,0.20223454708831737,0.7977654529116831
R4,360,0.0,0.0,0.0,0.20223454708831737,0.7977654529116831
R5,1,0.016653721397698492,0.016653721397698492,0.016653721397698492,0.016653721397698492,0.9833462786023015
R5,2,0.013367879840260465,0.013367879840260465,0.013145254893722856,0.02979897629142135,0.9702010237085786
R5,3,0.008522023313591273,0.008522023313591273,0.008268075742914627,0.038067052034335976,0.961932947965664
R5,4,0.006566765282323,0.006566765282323,0.006316787886623538,0.04438383992095951,0.9556161600790405
R5,5,0.0059458088830192934,0.0059458088830192934,0.005681911053354746,0.05006575097431426,0.9499342490256858
R5,6,0.006908251882223296,0.006908251882223296,0.006562385063820067,0.056628136038134325,0.9433718639618657
R5,7,0.005454463587069361,0.005454463587069361,0.005145587481045747,0.06177372351918007,0.9382262764808199
R5,8,0.005151430527952094,0.005151430527952094,0.004833207482790117,0.06660693100197018,0.9333930689980298
R5,9,0.006150742485411501,0.006150742485411501,0.00574106040507481,0.072347991407045,0.9276520085929549
R5,10,0.004916451123386525,0.004916451123386525,0.0045607557597585995,0.0769087471668036,0.9230912528331964
R5,11,0.004753058365887315,0.004753058365887315,0.004387506601756227,0.08129625376855983,0.9187037462314401
R5,12,0.005544634528151689,0.005544634528151689,0.0050938765124971495,0.08639013028105698,0.913609869718943
R5,13,0.004434239648078411,0.004434239648078411,0.0040511651071834884,0.09044129538824047,0.9095587046117595
R5,14,0.004250208770541092,0.004250208770541092,0.0038658143836628944,0.09430710977190336,0.9056928902280966
R5,15,0.005121004871869434,0.005121004871869434,0.004638057703275591,0.09894516747517895,0.901054832524821
R5,16,0.0041783145392545965,0.0041783145392545965,0.0037648905074040753,0.10271005798258302,0.897289942017417
R5,17,0.003947431285963391,0.003947431285963391,0.0035419903896998293,0.10625204837228285,0.8937479516277171
R5,18,0.0047783356242694615,0.0047783356242694615,0.00427062767638058,0.11052267604866342,0.8894773239513366
R5,19,0.0039010197859747366,0.0039010197859747366,0.003469868639910025,0.11399254468857345,0.8860074553114266
R5,20,0.0037141420902026836,0.0037141420902026836,0.0032907575820055428,0.117283302270579,0.882716697729421
R5,21,0.004518713029595561,0.004518713029595561,0.003988743443471501,0.1212720457140505,0.8787279542859494
R5,22,0.0037079937465458847,0.0037079937465458847,0.0032583177594073583,0.12453036347345785,0.8754696365265421
R5,23,0.003507591559190906,0.003507591559190906,0.003070789907408429,0.12760115338086628,0.8723988466191337
R5,24,0.004256504205356057,0.004256504205356057,0.0037133693593821163,0.1313145227402484,0.8686854772597515
R5,25,0.003489560059562739,0.003489560059562739,0.003031330145767825,0.13434585288601622,0.8656541471139837
R5,26,0.0032710819824624017,0.0032710819824624017,0.002831625683668409,0.13717747856968462,0.8628225214303152
R5,27,0.004056344092580594,0.004056344092580594,0.0034999050377493525,0.14067738360743398,0.8593226163925659
R5,28,0.0032432936162784805,0.0032432936162784805,0.0027870355560697304,0.14346441916350372,0.8565355808364962
R5,29,0.003061847705836271,0.003061847705836271,0.0026225815031513636,0.1460870006666551,0.8539129993333449
R5,30,0.0038151559407075936,0.0038151559407075936,0.00325781125225405,0.14934481191890914,0.8506551880810909
R5,31,0.0031436273199009625,0.0031436273199009625,0.0026741428890672088,0.15201895480797634,0.8479810451920237
R5,32,0.0028982743666526338,0.0028982743666526338,0.0024576817266873507,0.15447663653466367,0.8455233634653363
R5,33,0.0035465078839583787,0.0035465078839583787,0.002998655274600821,0.1574752918092645,0.8425247081907354
R5,34,0.0029871740249933516,0.0029871740249933516,0.0025167679237224684,0.15999205973298697,0.840007940267013
R5,35,0.0027966129779198397,0.0027966129779198397,0.002349177107306442,0.16234123684029342,0.8376587631597066
R5,36,0.0033780488786689516,0.0033780488786689516,0.002829652245598868,0.16517088908589228,0.8348291109141077
R5,37,0.0028842813033132567,0.0028842813033132567,0.00240788199607119,0.16757877108196348,0.8324212289180365
R5,38,0.0026702637457737726,0.0026702637457737726,0.002222784228792283,0.16980155531075578,0.8301984446892442
R5,39,0.0032290357821260535,0.0032290357821260535,0.002680740484166967,0.17248229579492275,0.8275177042050772
R5,40,0.00270332046596175,0.00270332046596175,0.002237045545723267,0.174719341340646,0.825280658659354
R5,41,0.002502943286614109,0.002502943286614109,0.0020656306841638997,0.17678497202480992,0.8232150279751901
R5,42,0.0031125749192783413,0.0031125749192783413,0.0025623184492485945,0.1793472904740585,0.8206527095259415
R5,43,0.0025856132372579143,0.0025856132372579143,0.0021218905089418483,0.18146918098300036,0.8185308190169996
R5,44,0.00247240953273043,0.00247240953273043,0.0020237433997712766,0.18349292438277162,0.8165070756172284
R5,45,0.003050129940044408,0.003050129940044408,0.0024904526775982117,0.18598337706036983,0.8140166229396302
R5,46,0.0024700946578867355,0.0024700946578867355,0.0020106981117541814,0.18799407517212402,0.812005924827876
R5,47,0.0024396375649310634,0.0024396375649310634,0.001981000157156676,0.1899750753292807,0.8100249246707194
R5,48,0.003023949909785098,0.003023949909785098,0.0024494747978817026,0.19242455012716242,0.8075754498728377
R5,49,0.0023873181954409237,0.0023873181954409237,0.001927939565672815,0.19435248969283522,0.8056475103071649
R5,50,0.002367966770641107,0.002367966770641107,0.001907746533257105,0.19626023622609232,0.8037397637739078
R5,51,0.0028255851739392413,0.0028255851739392413,0.002271035160224982,0.1985312713863173,0.8014687286136828
R5,52,0.0024930913951829257,0.0024930913951829257,0.001998134790814972,0.20052940617713227,0.7994705938228678
R5,53,0.002258097692192362,0.002258097692192362,0.001805282702887075,0.20233468888001935,0.7976653111199807
R5,54,0.0027809074296007135,0.0027809074296007135,0.002218233390028319,0.20455292227004768,0.7954470777299524
R5,55,0.0024330715567472336,0.0024330715567472336,0.001935379659722453,0.20648830192977013,0.7935116980702299
R5,56,0.00217968855078346,0.00217968855078346,0.001729608363196422,0.20821791029296655,0.7917820897070335
R5,57,0.0027221048636441305,0.0027221048636441305,0.002155313877337829,0.21037322417030438,0.7896267758296956
R5,58,0.0023990610072656335,0.0023990610072656335,0.0018943628081859042,0.2122675869784903,0.7877324130215098
R5,59,0.002201116068509516,0.002201116068509516,0.00173389047198742,0.2140014774504777,0.7859985225495223
R5,60,0.0026640194824537515,0.0026640194824537515,0.002093915377251792,0.2160953928277295,0.7839046071722705
R5,61,0.002226381143179204,0.002226381143179204,0.0017452704354596446,0.21784066326318913,0.7821593367368108
R5,62,0.002055526113256474,0.002055526113256474,0.0016077489413898784,0.219448412204579,0.7805515877954209
R5,63,0.002540226862731159,0.002540226862731159,0.001982778111065387,0.2214311903156444,0.7785688096843555
R5,64,0.002248715588456642,0.002248715588456642,0.0017507798190233427,0.22318197013466773,0.7768180298653321
R5,65,0.0018977983037004411,0.0018977983037004411,0.0014742439393623458,0.22465621407403008,0.7753437859259698
R5,66,0.0025315163881612962,0.0025315163881612962,0.0019627955005306163,0.2266190095745607,0.7733809904254392
R5,67,0.0021807120257789597,0.0021807120257789597,0.0016865212263295977,0.22830553080089028,0.7716944691991096
R5,68,0.0018345741230592367,0.0018345741230592367,0.0014157307041006196,0.2297212615049909,0.7702787384950089
R5,69,0.0024549912525874333,0.0024549912525874333,0.00189102756505933,0.23161228907005021,0.7683877109299496
R5,70,0.0022065606895782983,0.0022065606895782983,0.0016954941172930798,0.2333077831873433,0.7666922168126565
R5,71,0.0017538090237311582,0.0017538090237311582,0.0013446317282704825,0.23465241491561378,0.765347585084386
R5,72,0.002210694446829618,0.002210694446829618,0.0016919496562405108,0.2363443645718543,0.7636556354281455
R5,73,0.0021387583539405086,0.0021387583539405086,0.0016332748698056937,0.23797763944165998,0.7620223605583398
R5,74,0.0016286649053314844,0.0016286649053314844,0.0012410790757192227,0.2392187185173792,0.7607812814826206
R5,75,0.0021808670880987587,0.0021808670880987587,0.0016591628580270449,0.24087788137540625,0.7591221186245936
R5,76,0.0021295287372250656,0.0021295287372250656,0.001616572366674247,0.2424944537420805,0.7575055462579193
R5,77,0.0013555233208450146,0.0013555233208450146,0.0010268164336220515,0.24352127017570255,0.7564787298242973
R5,78,0.0020455560700482294,0.0020455560700482294,0.001547419657654466,0.245068689833357,0.7549313101666428
R5,79,0.00214745483599198,0.00214745483599198,0.0016211808928591187,0.24668987072621612,0.7533101292737837
R5,80,0.001273494571009488,0.001273494571009488,0.0009593363599166192,0.24764920708613275,0.7523507929138671
R5,81,0.0018494942444861335,0.0018494942444861335,0.001391468461328776,0.24904067554746154,0.7509593244525383
R5,82,0.001956007457195977,0.001956007457195977,0.001468882038680018,0.2505095575861416,0.7494904424138583
R5,83,0.001058848129453849,0.001058848129453849,0.0007935965529934515,0.251303154139135,0.7486968458608648
R5,84,0.0018648658593289746,0.0018648658593289746,0.0013962191868332145,0.2526993733259682,0.7473006266740316
R5,85,0.0017123264723883792,0.0017123264723883792,0.0012796226458863698,0.2539789959718546,0.7460210040281453
R5,86,0.0009802483197944986,0.0009802483197944986,0.0007312858357299942,0.2547102818075846,0.7452897181924153
R5,87,0.0016712374303680527,0.0016712374303680527,0.0012455560735116222,0.2559558378810962,0.7440441621189037
R5,88,0.0016175264149633037,0.0016175264149633037,0.0012035110861265655,0.25715934896722276,0.7428406510327771
R5,89,0.0008263088205785536,0.0008263088205785536,0.000613815782232699,0.25777316474945544,0.7422268352505443
R5,90,0.0013615461578456002,0.0013615461578456002,0.001010576095785278,0.2587837408452407,0.7412162591547591
R5,91,0.001472516253727174,0.001472516253727174,0.0010914529891322359,0.2598751938343729,0.7401248061656268
R5,92,0.0007541991812115729,0.0007541991812115729,0.0005582015228044898,0.2604333953571774,0.7395666046428223
R5,93,0.0011750927537613842,0.0011750927537613842,0.000869059358039691,0.2613024547152171,0.7386975452847826
R5,94,0.001316701477019504,0.001316701477019504,0.0009726441489471551,0.2622750988641643,0.7377249011358354
R5,95,0.0007551818511545196,0.0007551818511545196,0.0005571164564825452,0.2628322153206468,0.7371677846793528
R5,96,0.001128926256417392,0.001128926256417392,0.0008322080675095639,0.2636644233881564,0.7363355766118432
R5,97,0.0013329382174961945,0.0013329382174961945,0.000981489830968023,0.2646459132191244,0.7353540867808752
R5,98,0.0008066528278966781,0.0008066528278966781,0.0005931754536071723,0.26523908867273155,0.7347609113272681
R5,99,0.0009937271714381577,0.0009937271714381577,0.0007301518820965691,0.2659692405548281,0.7340307594451715
R5,100,0.001400306767760139,0.001400306767760139,0.001027868240195188,0.2669971087950233,0.7330028912049763
R5,101,0.0007922717360323494,0.0007922717360323494,0.0005807374731316979,0.267577846268155,0.7324221537318446
R5,102,0.0010070357408861763,0.0010070357408861763,0.0007375752862247971,0.2683154215543798,0.7316845784456198
R5,103,0.001378506982409474,0.001378506982409474,0.0010086323003086193,0.26932405385468844,0.7306759461453113
R5,104,0.0005959187441649217,0.0005959187441649217,0.00043542349221842986,0.26975947734690686,0.7302405226530928
R5,105,0.0010008942744861016,0.0010008942744861016,0.000730893558121219,0.2704903709050281,0.7295096290949716
R5,106,0.0014125171490209786,0.0014125171490209786,0.001030444861472581,0.27152081576650067,0.728479184233499
R5,107,0.0005973994966564229,0.0005973994966564229,0.00043519309798577385,0.27195600886448645,0.7280439911355132
R5,108,0.0010651873428892762,0.0010651873428892762,0.0007755032444241411,0.2727315121089106,0.7272684878910891
R5,109,0.001536762398054812,0.001536762398054812,0.0011176388654812071,0.27384915097439183,0.7261508490256079
R5,110,0.0005882456224672999,0.0005882456224672999,0.000427155058190227,0.2742763060325821,0.7257236939674176
R5,111,0.0010240645045859786,0.0010240645045859786,0.0007431878751290499,0.27501949390771113,0.7249805060922886
R5,112,0.0014273580026181762,0.0014273580026181762,0.0010348067271130036,0.2760543006348241,0.7239456993651756
R5,113,0.0005638296774165211,0.0005638296774165211,0.0004081820701401447,0.27646248270496426,0.7235375172950355
R5,114,0.0009475321161274896,0.0009475321161274896,0.000685575034860195,0.2771480577398245,0.7228519422601752
R5,115,0.0015341525668604397,0.0015341525668604397,0.0011089651626785021,0.278257022902503,0.7217429770974967
R5,116,0.0003685000366230247,0.0003685000366230247,0.0002659623134928384,0.27852298521599583,0.7214770147840038
R5,117,0.0009662577296183893,0.0009662577296183893,0.0006971327422770447,0.2792201179582729,0.7207798820417268
R5,118,0.001821707605377628,0.001821707605377628,0.0013130501929186033,0.2805331681511915,0.7194668318488082
R5,119,0.0004377398129568034,0.0004377398129568034,0.00031493927640212127,0.28084810742759364,0.7191518925724061
R5,120,0.0009710873335209338,0.0009710873335209338,0.0006983592937546708,0.2815464667213483,0.7184535332786514
R5,121,0.001979165126062409,0.001979165126062409,0.0014219381777614251,0.28296840489910974,0.71703159510089
R5,122,0.0003154854232124289,0.0003154854232124289,0.00022621301623708726,0.28319461791534684,0.7168053820846529
R5,123,0.0009542520144241916,0.0009542520144241916,0.0006840129798043824,0.2838786308951512,0.7161213691048486
R5,124,0.0021464897395113746,0.0021464897395113746,0.0015371471710283954,0.28541577806617957,0.7145842219338202
R5,125,0.0003822878735637856,0.0003822878735637856,0.00027317688268531235,0.28568895494886487,0.7143110450511349
R5,126,0.001156957884109764,0.001156957884109764,0.0008264277952785953,0.28651538274414345,0.7134846172558562
R5,127,0.0020170013240532587,0.0020170013240532587,0.0014390994176966944,0.28795448216184016,0.7120455178381595
R5,128,0.0004701683298473301,0.0004701683298473301,0.00033478125189724474,0.2882892634137374,0.7117107365862623
R5,129,0.0011068811218739075,0.0011068811218739075,0.000787779178562307,0.2890770425922997,0.7109229574077
R5,130,0.0021268493712526967,0.0021268493712526967,0.0015120260449716743,0.2905890686372714,0.7094109313627283
R5,131,0.000585866733463657,0.000585866733463657,0.0004156202650408922,0.2910046889023123,0.7089953110976873
R5,132,0.0013797949723229634,0.0013797949723229634,0.0009782681656531442,0.29198295706796545,0.7080170429320342
R5,133,0.0017088878265382119,0.0017088878265382119,0.0012099217056481357,0.2931928787736136,0.706807121226386
R5,134,0.000740473099265571,0.000740473099265571,0.0005233716596374782,0.2937162504332511,0.7062837495667486
R5,135,0.0017453545726724812,0.0017453545726724812,0.0012327155719105902,0.2949489660051617,0.7050510339948379
R5,136,0.001565935207175369,0.001565935207175369,0.0011040642369879146,0.2960530302421496,0.70394696975785
R5,137,0.0003171100523925069,0.0003171100523925069,0.00022322866046145827,0.29627625890261106,0.7037237410973886
R5,138,0.0016002498429836787,0.0016002498429836787,0.001126133806194983,0.29740239270880603,0.7025976072911936
R5,139,0.0012355942117354456,0.0012355942117354456,0.0008681255367481725,0.29827051824555423,0.7017294817544454
R5,140,0.00041638079796055586,0.00041638079796055586,0.0002921866815653633,0.2985627049271196,0.70143729507288
R5,141,0.0020991668752903645,0.0020991668752903645,0.001472433934910263,0.30003513886202987,0.6999648611379697
R5,142,0.0016728602984142158,0.0016728602984142158,0.0011709434264827292,0.3012060822885126,0.698793917711487
R5,143,0.0005629937549889206,0.0005629937549889206,0.00039341661169580886,0.3015994989002084,0.6984005010997912
R5,144,0.0017054159629043128,0.0017054159629043128,0.001191063363075955,0.3027905622632843,0.6972094377367153
R5,145,0.0007862097054658944,0.0007862097054658944,0.0005481528266910248,0.30333871508997534,0.6966612849100242
R5,146,0.000794433656359889,0.000794433656359889,0.0005534511718154489,0.3038921662617908,0.6961078337382087
R5,147,0.002405951136684437,0.002405951136684437,0.0016748014338373845,0.30556696769562813,0.6944330323043714
R5,148,0.0011811486399378754,0.0011811486399378754,0.000820228631634243,0.30638719632726236,0.6936128036727371
R5,149,0.0011904052907210877,0.0011904052907210877,0.0008256803512039134,0.30721287667846625,0.6927871233215332
R5,150,0.0036051198203167116,0.0036051198203167116,0.0024975805895466577,0.3097104572680129,0.6902895427319866
R5,151,0.0018706368854188521,0.0018706368854188521,0.0012912810802533671,0.3110017383482663,0.6889982616517333
R5,152,0.0018752557419260592,0.0018752557419260592,0.001292047946339486,0.31229378629460575,0.6877062137053938
R5,153,0.0018845622220348733,0.0018845622220348733,0.0012960251502078263,0.31358981144481357,0.6864101885551859
R5,154,0.003231823725447038,0.003231823725447038,0.0022183567327612244,0.3158081681775748,0.6841918318224246
R5,155,0.003231823725447038,0.003231823725447038,0.0022111873948407815,0.31801935557241556,0.6819806444275838
R5,156,0.003231823725447038,0.003231823725447038,0.0022040412269567254,0.3202233967993723,0.679776603200627
R5,157,0.005797546377710335,0.005797546377710335,0.003941036383538031,0.3241644331829103,0.675835566817089
R5,158,0.005797546377710335,0.005797546377710335,0.0039181880423282255,0.32808262122523857,0.6719173787747608
R5,159,0.005797546377710335,0.005797546377710335,0.0038954721654362373,0.3319780933906748,0.6680219066093245
R5,160,0.012249654443226676,0.012249654443226676,0.008183037516469668,0.34016113090714445,0.6598388690928548
R5,161,0.012249654443226676,0.012249654443226676,0.008082798134596954,0.3482439290417414,0.6517560709582578
R5,162,0.012249654443226676,0.012249654443226676,0.007983786650513783,0.3562277156922552,0.643772284307744
R5,163,0.03997255660421336,0.03997255660421336,0.025733224074715035,0.3819609397669702,0.618039060233029
R5,164,0.03997255660421336,0.03997255660421336,0.024704601318779582,0.4066655410857498,0.5933344589142494
R5,165,0.03997255660421336,0.03997255660421336,0.023717095244180142,0.43038263632992996,0.5696173636700692
R5,166,0.18986964387001348,0.18986964387001348,0.108153045982212,0.538535682312142,0.46146431768785723
R5,167,0.18986964387001348,0.18986964387001348,0.08761806565811221,0.6261537479702542,0.37384625202974503
R5,168,0.18986964387001348,0.18986964387001348,0.070982054735027,0.6971358027052812,0.30286419729471803
R5,169,0.0,0.0,0.0,0.6971358027052812,0.30286419729471803
R5,170,0.0,0.0,0.0,0.6971358027052812,0.30286419729471803
R5,171,0.0,0.0,0.0,0.6971358027052812,0.30286419729471803
R5,172,0.0,0.0,0.0,0.6971358027052812,0.30286419729471803
R5,173,0.0,0.0,0.0,0.6971358027052812,0.30286419729471803
R5,174,0.0,0.0,0.0,0.6971358027052812,0.30286419729471803
R5,175,0.0,0.0,0.0,0.6971358027052812,0.30286419729471803
R5,176,0.0,0.0,0.0,0.6971358027052812,0.30286419729471803
R5,177,0.0,0.0,0.0,0.6971358027052812,0.30286419729471803
R5,178,0.0,0.0,0.0,0.6971358027052812,0.30286419729471803
R5,179,0.0,0.0,0.0,0.6971358027052812,0.30286419729471803
R5,180,0.0,0.0,0.0,0.6971358027052812,0.30286419729471803
R5,181,0.0,0.0,0.0,0.6971358027052812,0.30286419729471803
R5,182,0.0,0.0,0.0,0.6971358027052812,0.30286419729471803
R5,183,0.0,0.0,0.0,0.6971358027052812,0.30286419729471803
R5,184,0.0,0.0,0.0,0.6971358027052812,0.30286419729471803
R5,185,0.0,0.0,0.0,0.6971358027052812,0.30286419729471803
R5,186,0.0,0.0,0.0,0.6971358027052812,0.30286419729471803
R5,187,0.0,0.0,0.0,0.6971358027052812,0.30286419729471803
R5,188,0.0,0.0,0.0,0.6971358027052812,0.30286419729471803
R5,189,0.0,0.0,0.0,0.6971358027052812,0.30286419729471803
R5,190,0.0,0.0,0.0,0.6971358027052812,0.30286419729471803
R5,191,0.0,0.0,0.0,0.6971358027052812,0.30286419729471803
R5,192,0.0,0.0,0.0,0.6971358027052812,0.30286419729471803
R5,193,0.0,0.0,0.0,0.6971358027052812,0.30286419729471803
R5,194,0.0,0.0,0.0,0.6971358027052812,0.30286419729471803
R5,195,0.0,0.0,0.0,0.6971358027052812,0.30286419729471803
R5,196,0.0,0.0,0.0,0.6971358027052812,0.30286419729471803
R5,197,0.0,0.0,0.0,0.6971358027052812,0.30286419729471803
R5,198,0.0,0.0,0.0,0.6971358027052812,0.30286419729471803
R5,199,0.0,0.0,0.0,0.6971358027052812,0.30286419729471803
R5,200,0.0,0.0,0.0,0.6971358027052812,0.30286419729471803
R5,201,0.0,0.0,0.0,0.6971358027052812,0.30286419729471803
R5,202,0.0,0.0,0.0,0.6971358027052812,0.30286419729471803
R5,203,0.0,0.0,0.0,0.6971358027052812,0.30286419729471803
R5,204,0.0,0.0,0.0,0.6971358027052812,0.30286419729471803
R5,205,0.0,0.0,0.0,0.6971358027052812,0.30286419729471803
R5,206,0.0,0.0,0.0,0.6971358027052812,0.30286419729471803
R5,207,0.0,0.0,0.0,0.6971358027052812,0.30286419729471803
R5,208,0.0,0.0,0.0,0.6971358027052812,0.30286419729471803
R5,209,0.0,0.0,0.0,0.6971358027052812,0.30286419729471803
R5,210,0.0,0.0,0.0,0.6971358027052812,0.30286419729471803
R5,211,0.0,0.0,0.0,0.6971358027052812,0.30286419729471803
R5,212,0.0,0.0,0.0,0.6971358027052812,0.30286419729471803
R5,213,0.0,0.0,0.0,0.6971358027052812,0.30286419729471803
R5,214,0.0,0.0,0.0,0.6971358027052812,0.30286419729471803
R5,215,0.0,0.0,0.0,0.6971358027052812,0.30286419729471803
R5,216,0.0,0.0,0.0,0.6971358027052812,0.30286419729471803
R5,217,0.0,0.0,0.0,0.6971358027052812,0.30286419729471803
R5,218,0.0,0.0,0.0,0.6971358027052812,0.30286419729471803
R5,219,0.0,0.0,0.0,0.6971358027052812,0.30286419729471803
R5,220,0.0,0.0,0.0,0.6971358027052812,0.30286419729471803
R5,221,0.0,0.0,0.0,0.6971358027052812,0.30286419729471803
R5,222,0.0,0.0,0.0,0.6971358027052812,0.30286419729471803
R5,223,0.0,0.0,0.0,0.6971358027052812,0.30286419729471803
R5,224,0.0,0.0,0.0,0.6971358027052812,0.30286419729471803
R5,225,0.0,0.0,0.0,0.6971358027052812,0.30286419729471803
R5,226,0.0,0.0,0.0,0.6971358027052812,0.30286419729471803
R5,227,0.0,0.0,0.0,0.6971358027052812,0.30286419729471803
R5,228,0.0,0.0,0.0,0.6971358027052812,0.30286419729471803
R5,229,0.0,0.0,0.0,0.6971358027052812,0.30286419729471803
R5,230,0.0,0.0,0.0,0.6971358027052812,0.30286419729471803
R5,231,0.0,0.0,0.0,0.6971358027052812,0.30286419729471803
R5,232,0.0,0.0,0.0,0.6971358027052812,0.30286419729471803
R5,233,0.0,0.0,0.0,0.6971358027052812,0.30286419729471803
R5,234,0.0,0.0,0.0,0.6971358027052812,0.30286419729471803
R5,235,0.0,0.0,0.0,0.6971358027052812,0.30286419729471803
R5,236,0.0,0.0,0.0,0.6971358027052812,0.30286419729471803
R5,237,0.0,0.0,0.0,0.6971358027052812,0.30286419729471803
R5,238,0.0,0.0,0.0,0.6971358027052812,0.30286419729471803
R5,239,0.0,0.0,0.0,0.6971358027052812,0.30286419729471803
R5,240,0.0,0.0,0.0,0.6971358027052812,0.30286419729471803
R5,241,0.0,0.0,0.0,0.6971358027052812,0.30286419729471803
R5,242,0.0,0.0,0.0,0.6971358027052812,0.30286419729471803
R5,243,0.0,0.0,0.0,0.6971358027052812,0.30286419729471803
R5,244,0.0,0.0,0.0,0.6971358027052812,0.30286419729471803
R5,245,0.0,0.0,0.0,0.6971358027052812,0.30286419729471803
R5,246,0.0,0.0,0.0,0.6971358027052812,0.30286419729471803
R5,247,0.0,0.0,0.0,0.6971358027052812,0.30286419729471803
R5,248,0.0,0.0,0.0,0.6971358027052812,0.30286419729471803
R5,249,0.0,0.0,0.0,0.6971358027052812,0.30286419729471803
R5,250,0.0,0.0,0.0,0.6971358027052812,0.30286419729471803
R5,251,0.0,0.0,0.0,0.6971358027052812,0.30286419729471803
R5,252,0.0,0.0,0.0,0.6971358027052812,0.30286419729471803
R5,253,0.0,0.0,0.0,0.6971358027052812,0.30286419729471803
R5,254,0.0,0.0,0.0,0.6971358027052812,0.30286419729471803
R5,255,0.0,0.0,0.0,0.6971358027052812,0.30286419729471803
R5,256,0.0,0.0,0.0,0.6971358027052812,0.30286419729471803
R5,257,0.0,0.0,0.0,0.6971358027052812,0.30286419729471803
R5,258,0.0,0.0,0.0,0.6971358027052812,0.30286419729471803
R5,259,0.0,0.0,0.0,0.6971358027052812,0.30286419729471803
R5,260,0.0,0.0,0.0,0.6971358027052812,0.30286419729471803
R5,261,0.0,0.0,0.0,0.6971358027052812,0.30286419729471803
R5,262,0.0,0.0,0.0,0.6971358027052812,0.30286419729471803
R5,263,0.0,0.0,0.0,0.6971358027052812,0.30286419729471803
R5,264,0.0,0.0,0.0,0.6971358027052812,0.30286419729471803
R5,265,0.0,0.0,0.0,0.6971358027052812,0.30286419729471803
R5,266,0.0,0.0,0.0,0.6971358027052812,0.30286419729471803
R5,267,0.0,0.0,0.0,0.6971358027052812,0.30286419729471803
R5,268,0.0,0.0,0.0,0.6971358027052812,0.30286419729471803
R5,269,0.0,0.0,0.0,0.6971358027052812,0.30286419729471803
R5,270,0.0,0.0,0.0,0.6971358027052812,0.30286419729471803
R5,271,0.0,0.0,0.0,0.6971358027052812,0.30286419729471803
R5,272,0.0,0.0,0.0,0.6971358027052812,0.30286419729471803
R5,273,0.0,0.0,0.0,0.6971358027052812,0.30286419729471803
R5,274,0.0,0.0,0.0,0.6971358027052812,0.30286419729471803
R5,275,0.0,0.0,0.0,0.6971358027052812,0.30286419729471803
R5,276,0.0,0.0,0.0,0.6971358027052812,0.30286419729471803
R5,277,0.0,0.0,0.0,0.6971358027052812,0.30286419729471803
R5,278,0.0,0.0,0.0,0.6971358027052812,0.30286419729471803
R5,279,0.0,0.0,0.0,0.6971358027052812,0.30286419729471803
R5,280,0.0,0.0,0.0,0.6971358027052812,0.30286419729471803
R5,281,0.0,0.0,0.0,0.6971358027052812,0.30286419729471803
R5,282,0.0,0.0,0.0,0.6971358027052812,0.30286419729471803
R5,283,0.0,0.0,0.0,0.6971358027052812,0.30286419729471803
R5,284,0.0,0.0,0.0,0.6971358027052812,0.30286419729471803
R5,285,0.0,0.0,0.0,0.6971358027052812,0.30286419729471803
R5,286,0.0,0.0,0.0,0.6971358027052812,0.30286419729471803
R5,287,0.0,0.0,0.0,0.6971358027052812,0.30286419729471803
R5,288,0.0,0.0,0.0,0.6971358027052812,0.30286419729471803
R5,289,0.0,0.0,0.0,0.6971358027052812,0.30286419729471803
R5,290,0.0,0.0,0.0,0.6971358027052812,0.30286419729471803
R5,291,0.0,0.0,0.0,0.6971358027052812,0.30286419729471803
R5,292,0.0,0.0,0.0,0.6971358027052812,0.30286419729471803
R5,293,0.0,0.0,0.0,0.6971358027052812,0.30286419729471803
R5,294,0.0,0.0,0.0,0.6971358027052812,0.30286419729471803
R5,295,0.0,0.0,0.0,0.6971358027052812,0.30286419729471803
R5,296,0.0,0.0,0.0,0.6971358027052812,0.30286419729471803
R5,297,0.0,0.0,0.0,0.6971358027052812,0.30286419729471803
R5,298,0.0,0.0,0.0,0.6971358027052812,0.30286419729471803
R5,299,0.0,0.0,0.0,0.6971358027052812,0.30286419729471803
R5,300,0.0,0.0,0.0,0.6971358027052812,0.30286419729471803
R5,301,0.0,0.0,0.0,0.6971358027052812,0.30286419729471803
R5,302,0.0,0.0,0.0,0.6971358027052812,0.30286419729471803
R5,303,0.0,0.0,0.0,0.6971358027052812,0.30286419729471803
R5,304,0.0,0.0,0.0,0.6971358027052812,0.30286419729471803
R5,305,0.0,0.0,0.0,0.6971358027052812,0.30286419729471803
R5,306,0.0,0.0,0.0,0.6971358027052812,0.30286419729471803
R5,307,0.0,0.0,0.0,0.6971358027052812,0.30286419729471803
R5,308,0.0,0.0,0.0,0.6971358027052812,0.30286419729471803
R5,309,0.0,0.0,0.0,0.6971358027052812,0.30286419729471803
R5,310,0.0,0.0,0.0,0.6971358027052812,0.30286419729471803
R5,311,0.0,0.0,0.0,0.6971358027052812,0.30286419729471803
R5,312,0.0,0.0,0.0,0.6971358027052812,0.30286419729471803
R5,313,0.0,0.0,0.0,0.6971358027052812,0.30286419729471803
R5,314,0.0,0.0,0.0,0.6971358027052812,0.30286419729471803
R5,315,0.0,0.0,0.0,0.6971358027052812,0.30286419729471803
R5,316,0.0,0.0,0.0,0.6971358027052812,0.30286419729471803
R5,317,0.0,0.0,0.0,0.6971358027052812,0.30286419729471803
R5,318,0.0,0.0,0.0,0.6971358027052812,0.30286419729471803
R5,319,0.0,0.0,0.0,0.6971358027052812,0.30286419729471803
R5,320,0.0,0.0,0.0,0.6971358027052812,0.30286419729471803
R5,321,0.0,0.0,0.0,0.6971358027052812,0.30286419729471803
R5,322,0.0,0.0,0.0,0.6971358027052812,0.30286419729471803
R5,323,0.0,0.0,0.0,0.6971358027052812,0.30286419729471803
R5,324,0.0,0.0,0.0,0.6971358027052812,0.30286419729471803
R5,325,0.0,0.0,0.0,0.6971358027052812,0.30286419729471803
R5,326,0.0,0.0,0.0,0.6971358027052812,0.30286419729471803
R5,327,0.0,0.0,0.0,0.6971358027052812,0.30286419729471803
R5,328,0.0,0.0,0.0,0.6971358027052812,0.30286419729471803
R5,329,0.0,0.0,0.0,0.6971358027052812,0.30286419729471803
R5,330,0.0,0.0,0.0,0.6971358027052812,0.30286419729471803
R5,331,0.0,0.0,0.0,0.6971358027052812,0.30286419729471803
R5,332,0.0,0.0,0.0,0.6971358027052812,0.30286419729471803
R5,333,0.0,0.0,0.0,0.6971358027052812,0.30286419729471803
R5,334,0.0,0.0,0.0,0.6971358027052812,0.30286419729471803
R5,335,0.0,0.0,0.0,0.6971358027052812,0.30286419729471803
R5,336,0.0,0.0,0.0,0.6971358027052812,0.30286419729471803
R5,337,0.0,0.0,0.0,0.6971358027052812,0.30286419729471803
R5,338,0.0,0.0,0.0,0.6971358027052812,0.30286419729471803
R5,339,0.0,0.0,0.0,0.6971358027052812,0.30286419729471803
R5,340,0.0,0.0,0.0,0.6971358027052812,0.30286419729471803
R5,341,0.0,0.0,0.0,0.6971358027052812,0.30286419729471803
R5,342,0.0,0.0,0.0,0.6971358027052812,0.30286419729471803
R5,343,0.0,0.0,0.0,0.6971358027052812,0.30286419729471803
R5,344,0.0,0.0,0.0,0.6971358027052812,0.30286419729471803
R5,345,0.0,0.0,0.0,0.6971358027052812,0.30286419729471803
R5,346,0.0,0.0,0.0,0.6971358027052812,0.30286419729471803
R5,347,0.0,0.0,0.0,0.6971358027052812,0.30286419729471803
R5,348,0.0,0.0,0.0,0.6971358027052812,0.30286419729471803
R5,349,0.0,0.0,0.0,0.6971358027052812,0.30286419729471803
R5,350,0.0,0.0,0.0,0.6971358027052812,0.30286419729471803
R5,351,0.0,0.0,0.0,0.6971358027052812,0.30286419729471803
R5,352,0.0,0.0,0.0,0.6971358027052812,0.30286419729471803
R5,353,0.0,0.0,0.0,0.6971358027052812,0.30286419729471803
R5,354,0.0,0.0,0.0,0.6971358027052812,0.30286419729471803
R5,355,0.0,0.0,0.0,0.6971358027052812,0.30286419729471803
R5,356,0.0,0.0,0.0,0.6971358027052812,0.30286419729471803
R5,357,0.0,0.0,0.0,0.6971358027052812,0.30286419729471803
R5,358,0.0,0.0,0.0,0.6971358027052812,0.30286419729471803
R5,359,0.0,0.0,0.0,0.6971358027052812,0.30286419729471803
R5,360,0.0,0.0,0.0,0.6971358027052812,0.30286419729471803
